record_id,usubjid,site,exseq,visit,dose_date,dose_amount,planned_dose,wrong_dose,cut_available
EX_042-S01-001_SCREENING,042-S01-001,S01,1,SCREENING,2026-01-10,50.0,50.0,N,1
EX_042-S01-001_BASELINE,042-S01-001,S01,2,BASELINE,2026-01-24,50.0,50.0,N,1
EX_042-S01-001_WEEK2,042-S01-001,S01,3,WEEK2,2026-02-10,50.0,50.0,N,2
EX_042-S01-001_WEEK4,042-S01-001,S01,4,WEEK4,2026-02-24,50.0,50.0,N,2
EX_042-S01-001_WEEK6,042-S01-001,S01,5,WEEK6,2026-03-10,50.0,50.0,N,3
EX_042-S01-001_WEEK8,042-S01-001,S01,6,WEEK8,2026-03-24,50.0,50.0,N,3
EX_042-S01-001_WEEK10,042-S01-001,S01,7,WEEK10,2026-04-10,50.0,50.0,N,4
EX_042-S01-001_WEEK12,042-S01-001,S01,8,WEEK12,2026-04-24,50.0,50.0,N,4
EX_042-S01-002_SCREENING,042-S01-002,S01,9,SCREENING,2026-01-10,50.0,50.0,N,1
EX_042-S01-002_BASELINE,042-S01-002,S01,10,BASELINE,2026-01-24,50.0,50.0,N,1
EX_042-S01-002_WEEK2,042-S01-002,S01,11,WEEK2,2026-02-10,50.0,50.0,N,2
EX_042-S01-002_WEEK4,042-S01-002,S01,12,WEEK4,2026-02-24,50.0,50.0,N,2
EX_042-S01-002_WEEK6,042-S01-002,S01,13,WEEK6,2026-03-10,50.0,50.0,N,3
EX_042-S01-002_WEEK8,042-S01-002,S01,14,WEEK8,2026-03-24,50.0,50.0,N,3
EX_042-S01-002_WEEK10,042-S01-002,S01,15,WEEK10,2026-04-10,50.0,50.0,N,4
EX_042-S01-002_WEEK12,042-S01-002,S01,16,WEEK12,2026-04-24,50.0,50.0,N,4
EX_042-S02-001_SCREENING,042-S02-001,S02,17,SCREENING,2026-01-10,50.0,50.0,N,1
EX_042-S02-001_BASELINE,042-S02-001,S02,18,BASELINE,2026-01-24,50.0,50.0,N,1
EX_042-S02-001_WEEK2,042-S02-001,S02,19,WEEK2,2026-02-10,50.0,50.0,N,2
EX_042-S02-001_WEEK4,042-S02-001,S02,20,WEEK4,2026-02-24,50.0,50.0,N,2
EX_042-S02-001_WEEK6,042-S02-001,S02,21,WEEK6,2026-03-10,50.0,50.0,N,3
EX_042-S02-001_WEEK8,042-S02-001,S02,22,WEEK8,2026-03-24,50.0,50.0,N,3
EX_042-S02-001_WEEK10,042-S02-001,S02,23,WEEK10,2026-04-10,50.0,50.0,N,4
EX_042-S02-001_WEEK12,042-S02-001,S02,24,WEEK12,2026-04-24,50.0,50.0,N,4
EX_042-S03-001_SCREENING,042-S03-001,S03,25,SCREENING,2026-01-10,50.0,50.0,N,1
EX_042-S03-001_BASELINE,042-S03-001,S03,26,BASELINE,2026-01-24,50.0,50.0,N,1
EX_042-S03-001_WEEK2,042-S03-001,S03,27,WEEK2,2026-02-10,100.0,50.0,Y,2
EX_042-S03-001_WEEK4,042-S03-001,S03,28,WEEK4,2026-02-24,100.0,50.0,Y,2
EX_042-S03-001_WEEK6,042-S03-001,S03,29,WEEK6,2026-03-10,100.0,50.0,Y,3
EX_042-S03-001_WEEK8,042-S03-001,S03,30,WEEK8,2026-03-24,100.0,50.0,Y,3
EX_042-S03-001_WEEK10,042-S03-001,S03,31,WEEK10,2026-04-10,100.0,50.0,Y,4
EX_042-S03-001_WEEK12,042-S03-001,S03,32,WEEK12,2026-04-24,100.0,50.0,Y,4
EX_042-S05-001_SCREENING,042-S05-001,S05,33,SCREENING,2026-01-10,50.0,50.0,N,1
EX_042-S05-001_BASELINE,042-S05-001,S05,34,BASELINE,2026-01-24,50.0,50.0,N,1
EX_042-S05-001_WEEK2,042-S05-001,S05,35,WEEK2,2026-02-10,50.0,50.0,N,2
EX_042-S05-001_WEEK4,042-S05-001,S05,36,WEEK4,2026-02-24,50.0,50.0,N,2
EX_042-S05-001_WEEK6,042-S05-001,S05,37,WEEK6,2026-03-10,50.0,50.0,N,3
EX_042-S05-001_WEEK8,042-S05-001,S05,38,WEEK8,2026-03-24,50.0,50.0,N,3
EX_042-S05-001_WEEK10,042-S05-001,S05,39,WEEK10,2026-04-10,50.0,50.0,N,4
EX_042-S05-001_WEEK12,042-S05-001,S05,40,WEEK12,2026-04-24,50.0,50.0,N,4
EX_042-S05-003_SCREENING,042-S05-003,S05,41,SCREENING,2026-01-10,50.0,50.0,N,1
EX_042-S05-003_BASELINE,042-S05-003,S05,42,BASELINE,2026-01-24,50.0,50.0,N,1
EX_042-S05-003_WEEK2,042-S05-003,S05,43,WEEK2,2026-02-10,50.0,50.0,N,2
EX_042-S05-003_WEEK4,042-S05-003,S05,44,WEEK4,2026-02-24,50.0,50.0,N,2
EX_042-S05-003_WEEK6,042-S05-003,S05,45,WEEK6,2026-03-10,50.0,50.0,N,3
EX_042-S05-003_WEEK8,042-S05-003,S05,46,WEEK8,2026-03-24,50.0,50.0,N,3
EX_042-S05-003_WEEK10,042-S05-003,S05,47,WEEK10,2026-04-10,50.0,50.0,N,4
EX_042-S05-003_WEEK12,042-S05-003,S05,48,WEEK12,2026-04-24,50.0,50.0,N,4
EX_042-S07-001_SCREENING,042-S07-001,S07,49,SCREENING,2026-01-10,50.0,50.0,N,1
EX_042-S07-001_BASELINE,042-S07-001,S07,50,BASELINE,2026-01-24,50.0,50.0,N,1
EX_042-S07-001_WEEK2,042-S07-001,S07,51,WEEK2,2026-02-10,50.0,50.0,N,2
EX_042-S07-001_WEEK4,042-S07-001,S07,52,WEEK4,2026-02-24,50.0,50.0,N,2
EX_042-S07-001_WEEK6,042-S07-001,S07,53,WEEK6,2026-03-10,50.0,50.0,N,3
EX_042-S07-001_WEEK8,042-S07-001,S07,54,WEEK8,2026-03-24,50.0,50.0,N,3
EX_042-S07-001_WEEK10,042-S07-001,S07,55,WEEK10,2026-04-10,50.0,50.0,N,4
EX_042-S07-001_WEEK12,042-S07-001,S07,56,WEEK12,2026-04-24,50.0,50.0,N,4
EX_042-S07-002_SCREENING,042-S07-002,S07,57,SCREENING,2026-01-10,50.0,50.0,N,1
EX_042-S07-002_BASELINE,042-S07-002,S07,58,BASELINE,2026-01-24,50.0,50.0,N,1
EX_042-S07-002_WEEK2,042-S07-002,S07,59,WEEK2,2026-02-10,50.0,50.0,N,2
EX_042-S07-002_WEEK4,042-S07-002,S07,60,WEEK4,2026-02-24,50.0,50.0,N,2
EX_042-S07-002_WEEK6,042-S07-002,S07,61,WEEK6,2026-03-10,50.0,50.0,N,3
EX_042-S07-002_WEEK8,042-S07-002,S07,62,WEEK8,2026-03-24,50.0,50.0,N,3
EX_042-S07-002_WEEK10,042-S07-002,S07,63,WEEK10,2026-04-10,50.0,50.0,N,4
EX_042-S07-002_WEEK12,042-S07-002,S07,64,WEEK12,2026-04-24,50.0,50.0,N,4
EX_042-S07-003_SCREENING,042-S07-003,S07,65,SCREENING,2026-01-10,50.0,50.0,N,1
EX_042-S07-003_BASELINE,042-S07-003,S07,66,BASELINE,2026-01-24,50.0,50.0,N,1
EX_042-S07-003_WEEK2,042-S07-003,S07,67,WEEK2,2026-02-10,50.0,50.0,N,2
EX_042-S07-003_WEEK4,042-S07-003,S07,68,WEEK4,2026-02-24,50.0,50.0,N,2
EX_042-S07-003_WEEK6,042-S07-003,S07,69,WEEK6,2026-03-10,50.0,50.0,N,3
EX_042-S07-003_WEEK8,042-S07-003,S07,70,WEEK8,2026-03-24,50.0,50.0,N,3
EX_042-S07-003_WEEK10,042-S07-003,S07,71,WEEK10,2026-04-10,50.0,50.0,N,4
EX_042-S07-003_WEEK12,042-S07-003,S07,72,WEEK12,2026-04-24,50.0,50.0,N,4
EX_042-S10-001_SCREENING,042-S10-001,S10,73,SCREENING,2026-01-10,50.0,50.0,N,1
EX_042-S10-001_BASELINE,042-S10-001,S10,74,BASELINE,2026-01-24,50.0,50.0,N,1
EX_042-S10-001_WEEK2,042-S10-001,S10,75,WEEK2,2026-02-10,50.0,50.0,N,2
EX_042-S10-001_WEEK4,042-S10-001,S10,76,WEEK4,2026-02-24,50.0,50.0,N,2
EX_042-S10-001_WEEK6,042-S10-001,S10,77,WEEK6,2026-03-10,50.0,50.0,N,3
EX_042-S10-001_WEEK8,042-S10-001,S10,78,WEEK8,2026-03-24,50.0,50.0,N,3
EX_042-S10-001_WEEK10,042-S10-001,S10,79,WEEK10,2026-04-10,50.0,50.0,N,4
EX_042-S10-001_WEEK12,042-S10-001,S10,80,WEEK12,2026-04-24,50.0,50.0,N,4
EX_042-S11-001_SCREENING,042-S11-001,S11,81,SCREENING,2026-01-10,50.0,50.0,N,1
EX_042-S11-001_BASELINE,042-S11-001,S11,82,BASELINE,2026-01-24,50.0,50.0,N,1
EX_042-S11-001_WEEK2,042-S11-001,S11,83,WEEK2,2026-02-10,50.0,50.0,N,2
EX_042-S11-001_WEEK4,042-S11-001,S11,84,WEEK4,2026-02-24,50.0,50.0,N,2
EX_042-S11-001_WEEK6,042-S11-001,S11,85,WEEK6,2026-03-10,50.0,50.0,N,3
EX_042-S11-001_WEEK8,042-S11-001,S11,86,WEEK8,2026-03-24,50.0,50.0,N,3
EX_042-S11-001_WEEK10,042-S11-001,S11,87,WEEK10,2026-04-10,50.0,50.0,N,4
EX_042-S11-001_WEEK12,042-S11-001,S11,88,WEEK12,2026-04-24,50.0,50.0,N,4
EX_042-S12-001_SCREENING,042-S12-001,S12,89,SCREENING,2026-01-10,50.0,50.0,N,1
EX_042-S12-001_BASELINE,042-S12-001,S12,90,BASELINE,2026-01-24,50.0,50.0,N,1
EX_042-S12-001_WEEK2,042-S12-001,S12,91,WEEK2,2026-02-10,50.0,50.0,N,2
EX_042-S12-001_WEEK4,042-S12-001,S12,92,WEEK4,2026-02-24,50.0,50.0,N,2
EX_042-S12-001_WEEK6,042-S12-001,S12,93,WEEK6,2026-03-10,50.0,50.0,N,3
EX_042-S12-001_WEEK8,042-S12-001,S12,94,WEEK8,2026-03-24,50.0,50.0,N,3
EX_042-S12-001_WEEK10,042-S12-001,S12,95,WEEK10,2026-04-10,50.0,50.0,N,4
EX_042-S12-001_WEEK12,042-S12-001,S12,96,WEEK12,2026-04-24,50.0,50.0,N,4
EX_042-S01-002_SCREENING,042-S01-002,S01,97,SCREENING,2026-01-10,50.0,50.0,N,1
EX_042-S01-002_BASELINE,042-S01-002,S01,98,BASELINE,2026-01-24,50.0,50.0,N,1
EX_042-S01-002_WEEK2,042-S01-002,S01,99,WEEK2,2026-02-10,50.0,50.0,N,2
EX_042-S01-002_WEEK4,042-S01-002,S01,100,WEEK4,2026-02-24,50.0,50.0,N,2
EX_042-S01-002_WEEK6,042-S01-002,S01,101,WEEK6,2026-03-10,50.0,50.0,N,3
EX_042-S01-002_WEEK8,042-S01-002,S01,102,WEEK8,2026-03-24,50.0,50.0,N,3
EX_042-S01-002_WEEK10,042-S01-002,S01,103,WEEK10,2026-04-10,50.0,50.0,N,4
EX_042-S01-002_WEEK12,042-S01-002,S01,104,WEEK12,2026-04-24,50.0,50.0,N,4
EX_042-S02-002_SCREENING,042-S02-002,S02,105,SCREENING,2026-01-10,50.0,50.0,N,1
EX_042-S02-002_BASELINE,042-S02-002,S02,106,BASELINE,2026-01-24,50.0,50.0,N,1
EX_042-S02-002_WEEK2,042-S02-002,S02,107,WEEK2,2026-02-10,50.0,50.0,N,2
EX_042-S02-002_WEEK4,042-S02-002,S02,108,WEEK4,2026-02-24,50.0,50.0,N,2
EX_042-S02-002_WEEK6,042-S02-002,S02,109,WEEK6,2026-03-10,50.0,50.0,N,3
EX_042-S02-002_WEEK8,042-S02-002,S02,110,WEEK8,2026-03-24,50.0,50.0,N,3
EX_042-S02-002_WEEK10,042-S02-002,S02,111,WEEK10,2026-04-10,50.0,50.0,N,4
EX_042-S02-002_WEEK12,042-S02-002,S02,112,WEEK12,2026-04-24,50.0,50.0,N,4
EX_042-S03-002_SCREENING,042-S03-002,S03,113,SCREENING,2026-01-10,50.0,50.0,N,1
EX_042-S03-002_BASELINE,042-S03-002,S03,114,BASELINE,2026-01-24,50.0,50.0,N,1
EX_042-S03-002_WEEK2,042-S03-002,S03,115,WEEK2,2026-02-10,50.0,50.0,N,2
EX_042-S03-002_WEEK4,042-S03-002,S03,116,WEEK4,2026-02-24,50.0,50.0,N,2
EX_042-S03-002_WEEK6,042-S03-002,S03,117,WEEK6,2026-03-10,50.0,50.0,N,3
EX_042-S03-002_WEEK8,042-S03-002,S03,118,WEEK8,2026-03-24,50.0,50.0,N,3
EX_042-S03-002_WEEK10,042-S03-002,S03,119,WEEK10,2026-04-10,50.0,50.0,N,4
EX_042-S03-002_WEEK12,042-S03-002,S03,120,WEEK12,2026-04-24,50.0,50.0,N,4
EX_042-S04-002_SCREENING,042-S04-002,S04,121,SCREENING,2026-01-10,50.0,50.0,N,1
EX_042-S04-002_BASELINE,042-S04-002,S04,122,BASELINE,2026-01-24,50.0,50.0,N,1
EX_042-S04-002_WEEK2,042-S04-002,S04,123,WEEK2,2026-02-10,50.0,50.0,N,2
EX_042-S04-002_WEEK4,042-S04-002,S04,124,WEEK4,2026-02-24,50.0,50.0,N,2
EX_042-S04-002_WEEK6,042-S04-002,S04,125,WEEK6,2026-03-10,50.0,50.0,N,3
EX_042-S04-002_WEEK8,042-S04-002,S04,126,WEEK8,2026-03-24,50.0,50.0,N,3
EX_042-S04-002_WEEK10,042-S04-002,S04,127,WEEK10,2026-04-10,50.0,50.0,N,4
EX_042-S04-002_WEEK12,042-S04-002,S04,128,WEEK12,2026-04-24,50.0,50.0,N,4
EX_042-S05-002_SCREENING,042-S05-002,S05,129,SCREENING,2026-01-10,50.0,50.0,N,1
EX_042-S05-002_BASELINE,042-S05-002,S05,130,BASELINE,2026-01-24,50.0,50.0,N,1
EX_042-S05-002_WEEK2,042-S05-002,S05,131,WEEK2,2026-02-10,50.0,50.0,N,2
EX_042-S05-002_WEEK4,042-S05-002,S05,132,WEEK4,2026-02-24,50.0,50.0,N,2
EX_042-S05-002_WEEK6,042-S05-002,S05,133,WEEK6,2026-03-10,50.0,50.0,N,3
EX_042-S05-002_WEEK8,042-S05-002,S05,134,WEEK8,2026-03-24,50.0,50.0,N,3
EX_042-S05-002_WEEK10,042-S05-002,S05,135,WEEK10,2026-04-10,50.0,50.0,N,4
EX_042-S05-002_WEEK12,042-S05-002,S05,136,WEEK12,2026-04-24,50.0,50.0,N,4
EX_042-S06-002_SCREENING,042-S06-002,S06,137,SCREENING,2026-01-10,50.0,50.0,N,1
EX_042-S06-002_BASELINE,042-S06-002,S06,138,BASELINE,2026-01-24,50.0,50.0,N,1
EX_042-S06-002_WEEK2,042-S06-002,S06,139,WEEK2,2026-02-10,50.0,50.0,N,2
EX_042-S06-002_WEEK4,042-S06-002,S06,140,WEEK4,2026-02-24,50.0,50.0,N,2
EX_042-S06-002_WEEK6,042-S06-002,S06,141,WEEK6,2026-03-10,50.0,50.0,N,3
EX_042-S06-002_WEEK8,042-S06-002,S06,142,WEEK8,2026-03-24,50.0,50.0,N,3
EX_042-S06-002_WEEK10,042-S06-002,S06,143,WEEK10,2026-04-10,50.0,50.0,N,4
EX_042-S06-002_WEEK12,042-S06-002,S06,144,WEEK12,2026-04-24,50.0,50.0,N,4
EX_042-S07-002_SCREENING,042-S07-002,S07,145,SCREENING,2026-01-10,50.0,50.0,N,1
EX_042-S07-002_BASELINE,042-S07-002,S07,146,BASELINE,2026-01-24,50.0,50.0,N,1
EX_042-S07-002_WEEK2,042-S07-002,S07,147,WEEK2,2026-02-10,50.0,50.0,N,2
EX_042-S07-002_WEEK4,042-S07-002,S07,148,WEEK4,2026-02-24,50.0,50.0,N,2
EX_042-S07-002_WEEK6,042-S07-002,S07,149,WEEK6,2026-03-10,50.0,50.0,N,3
EX_042-S07-002_WEEK8,042-S07-002,S07,150,WEEK8,2026-03-24,50.0,50.0,N,3
EX_042-S07-002_WEEK10,042-S07-002,S07,151,WEEK10,2026-04-10,50.0,50.0,N,4
EX_042-S07-002_WEEK12,042-S07-002,S07,152,WEEK12,2026-04-24,50.0,50.0,N,4
EX_042-S08-002_SCREENING,042-S08-002,S08,153,SCREENING,2026-01-10,50.0,50.0,N,1
EX_042-S08-002_BASELINE,042-S08-002,S08,154,BASELINE,2026-01-24,50.0,50.0,N,1
EX_042-S08-002_WEEK2,042-S08-002,S08,155,WEEK2,2026-02-10,50.0,50.0,N,2
EX_042-S08-002_WEEK4,042-S08-002,S08,156,WEEK4,2026-02-24,50.0,50.0,N,2
EX_042-S08-002_WEEK6,042-S08-002,S08,157,WEEK6,2026-03-10,50.0,50.0,N,3
EX_042-S08-002_WEEK8,042-S08-002,S08,158,WEEK8,2026-03-24,50.0,50.0,N,3
EX_042-S08-002_WEEK10,042-S08-002,S08,159,WEEK10,2026-04-10,50.0,50.0,N,4
EX_042-S08-002_WEEK12,042-S08-002,S08,160,WEEK12,2026-04-24,50.0,50.0,N,4
EX_042-S09-002_SCREENING,042-S09-002,S09,161,SCREENING,2026-01-10,50.0,50.0,N,1
EX_042-S09-002_BASELINE,042-S09-002,S09,162,BASELINE,2026-01-24,50.0,50.0,N,1
EX_042-S09-002_WEEK2,042-S09-002,S09,163,WEEK2,2026-02-10,50.0,50.0,N,2
EX_042-S09-002_WEEK4,042-S09-002,S09,164,WEEK4,2026-02-24,50.0,50.0,N,2
EX_042-S09-002_WEEK6,042-S09-002,S09,165,WEEK6,2026-03-10,50.0,50.0,N,3
EX_042-S09-002_WEEK8,042-S09-002,S09,166,WEEK8,2026-03-24,50.0,50.0,N,3
EX_042-S09-002_WEEK10,042-S09-002,S09,167,WEEK10,2026-04-10,50.0,50.0,N,4
EX_042-S09-002_WEEK12,042-S09-002,S09,168,WEEK12,2026-04-24,50.0,50.0,N,4
EX_042-S10-002_SCREENING,042-S10-002,S10,169,SCREENING,2026-01-10,50.0,50.0,N,1
EX_042-S10-002_BASELINE,042-S10-002,S10,170,BASELINE,2026-01-24,50.0,50.0,N,1
EX_042-S10-002_WEEK2,042-S10-002,S10,171,WEEK2,2026-02-10,50.0,50.0,N,2
EX_042-S10-002_WEEK4,042-S10-002,S10,172,WEEK4,2026-02-24,50.0,50.0,N,2
EX_042-S10-002_WEEK6,042-S10-002,S10,173,WEEK6,2026-03-10,50.0,50.0,N,3
EX_042-S10-002_WEEK8,042-S10-002,S10,174,WEEK8,2026-03-24,50.0,50.0,N,3
EX_042-S10-002_WEEK10,042-S10-002,S10,175,WEEK10,2026-04-10,50.0,50.0,N,4
EX_042-S10-002_WEEK12,042-S10-002,S10,176,WEEK12,2026-04-24,50.0,50.0,N,4
EX_042-S11-002_SCREENING,042-S11-002,S11,177,SCREENING,2026-01-10,50.0,50.0,N,1
EX_042-S11-002_BASELINE,042-S11-002,S11,178,BASELINE,2026-01-24,50.0,50.0,N,1
EX_042-S11-002_WEEK2,042-S11-002,S11,179,WEEK2,2026-02-10,50.0,50.0,N,2
EX_042-S11-002_WEEK4,042-S11-002,S11,180,WEEK4,2026-02-24,50.0,50.0,N,2
EX_042-S11-002_WEEK6,042-S11-002,S11,181,WEEK6,2026-03-10,50.0,50.0,N,3
EX_042-S11-002_WEEK8,042-S11-002,S11,182,WEEK8,2026-03-24,50.0,50.0,N,3
EX_042-S11-002_WEEK10,042-S11-002,S11,183,WEEK10,2026-04-10,50.0,50.0,N,4
EX_042-S11-002_WEEK12,042-S11-002,S11,184,WEEK12,2026-04-24,50.0,50.0,N,4
EX_042-S12-002_SCREENING,042-S12-002,S12,185,SCREENING,2026-01-10,50.0,50.0,N,1
EX_042-S12-002_BASELINE,042-S12-002,S12,186,BASELINE,2026-01-24,50.0,50.0,N,1
EX_042-S12-002_WEEK2,042-S12-002,S12,187,WEEK2,2026-02-10,50.0,50.0,N,2
EX_042-S12-002_WEEK4,042-S12-002,S12,188,WEEK4,2026-02-24,50.0,50.0,N,2
EX_042-S12-002_WEEK6,042-S12-002,S12,189,WEEK6,2026-03-10,50.0,50.0,N,3
EX_042-S12-002_WEEK8,042-S12-002,S12,190,WEEK8,2026-03-24,50.0,50.0,N,3
EX_042-S12-002_WEEK10,042-S12-002,S12,191,WEEK10,2026-04-10,50.0,50.0,N,4
EX_042-S12-002_WEEK12,042-S12-002,S12,192,WEEK12,2026-04-24,50.0,50.0,N,4
EX_042-S01-003_SCREENING,042-S01-003,S01,193,SCREENING,2026-01-10,50.0,50.0,N,1
EX_042-S01-003_BASELINE,042-S01-003,S01,194,BASELINE,2026-01-24,50.0,50.0,N,1
EX_042-S01-003_WEEK2,042-S01-003,S01,195,WEEK2,2026-02-10,50.0,50.0,N,2
EX_042-S01-003_WEEK4,042-S01-003,S01,196,WEEK4,2026-02-24,50.0,50.0,N,2
EX_042-S01-003_WEEK6,042-S01-003,S01,197,WEEK6,2026-03-10,50.0,50.0,N,3
EX_042-S01-003_WEEK8,042-S01-003,S01,198,WEEK8,2026-03-24,50.0,50.0,N,3
EX_042-S01-003_WEEK10,042-S01-003,S01,199,WEEK10,2026-04-10,50.0,50.0,N,4
EX_042-S01-003_WEEK12,042-S01-003,S01,200,WEEK12,2026-04-24,50.0,50.0,N,4
EX_042-S02-003_SCREENING,042-S02-003,S02,201,SCREENING,2026-01-10,50.0,50.0,N,1
EX_042-S02-003_BASELINE,042-S02-003,S02,202,BASELINE,2026-01-24,50.0,50.0,N,1
EX_042-S02-003_WEEK2,042-S02-003,S02,203,WEEK2,2026-02-10,50.0,50.0,N,2
EX_042-S02-003_WEEK4,042-S02-003,S02,204,WEEK4,2026-02-24,50.0,50.0,N,2
EX_042-S02-003_WEEK6,042-S02-003,S02,205,WEEK6,2026-03-10,50.0,50.0,N,3
EX_042-S02-003_WEEK8,042-S02-003,S02,206,WEEK8,2026-03-24,50.0,50.0,N,3
EX_042-S02-003_WEEK10,042-S02-003,S02,207,WEEK10,2026-04-10,50.0,50.0,N,4
EX_042-S02-003_WEEK12,042-S02-003,S02,208,WEEK12,2026-04-24,50.0,50.0,N,4
EX_042-S03-003_SCREENING,042-S03-003,S03,209,SCREENING,2026-01-10,50.0,50.0,N,1
EX_042-S03-003_BASELINE,042-S03-003,S03,210,BASELINE,2026-01-24,50.0,50.0,N,1
EX_042-S03-003_WEEK2,042-S03-003,S03,211,WEEK2,2026-02-10,50.0,50.0,N,2
EX_042-S03-003_WEEK4,042-S03-003,S03,212,WEEK4,2026-02-24,50.0,50.0,N,2
EX_042-S03-003_WEEK6,042-S03-003,S03,213,WEEK6,2026-03-10,50.0,50.0,N,3
EX_042-S03-003_WEEK8,042-S03-003,S03,214,WEEK8,2026-03-24,50.0,50.0,N,3
EX_042-S03-003_WEEK10,042-S03-003,S03,215,WEEK10,2026-04-10,50.0,50.0,N,4
EX_042-S03-003_WEEK12,042-S03-003,S03,216,WEEK12,2026-04-24,50.0,50.0,N,4
EX_042-S04-003_SCREENING,042-S04-003,S04,217,SCREENING,2026-01-10,50.0,50.0,N,1
EX_042-S04-003_BASELINE,042-S04-003,S04,218,BASELINE,2026-01-24,50.0,50.0,N,1
EX_042-S04-003_WEEK2,042-S04-003,S04,219,WEEK2,2026-02-10,50.0,50.0,N,2
EX_042-S04-003_WEEK4,042-S04-003,S04,220,WEEK4,2026-02-24,50.0,50.0,N,2
EX_042-S04-003_WEEK6,042-S04-003,S04,221,WEEK6,2026-03-10,50.0,50.0,N,3
EX_042-S04-003_WEEK8,042-S04-003,S04,222,WEEK8,2026-03-24,50.0,50.0,N,3
EX_042-S04-003_WEEK10,042-S04-003,S04,223,WEEK10,2026-04-10,50.0,50.0,N,4
EX_042-S04-003_WEEK12,042-S04-003,S04,224,WEEK12,2026-04-24,50.0,50.0,N,4
EX_042-S05-003_SCREENING,042-S05-003,S05,225,SCREENING,2026-01-10,50.0,50.0,N,1
EX_042-S05-003_BASELINE,042-S05-003,S05,226,BASELINE,2026-01-24,50.0,50.0,N,1
EX_042-S05-003_WEEK2,042-S05-003,S05,227,WEEK2,2026-02-10,50.0,50.0,N,2
EX_042-S05-003_WEEK4,042-S05-003,S05,228,WEEK4,2026-02-24,50.0,50.0,N,2
EX_042-S05-003_WEEK6,042-S05-003,S05,229,WEEK6,2026-03-10,50.0,50.0,N,3
EX_042-S05-003_WEEK8,042-S05-003,S05,230,WEEK8,2026-03-24,50.0,50.0,N,3
EX_042-S05-003_WEEK10,042-S05-003,S05,231,WEEK10,2026-04-10,50.0,50.0,N,4
EX_042-S05-003_WEEK12,042-S05-003,S05,232,WEEK12,2026-04-24,50.0,50.0,N,4
EX_042-S06-003_SCREENING,042-S06-003,S06,233,SCREENING,2026-01-10,50.0,50.0,N,1
EX_042-S06-003_BASELINE,042-S06-003,S06,234,BASELINE,2026-01-24,50.0,50.0,N,1
EX_042-S06-003_WEEK2,042-S06-003,S06,235,WEEK2,2026-02-10,50.0,50.0,N,2
EX_042-S06-003_WEEK4,042-S06-003,S06,236,WEEK4,2026-02-24,50.0,50.0,N,2
EX_042-S06-003_WEEK6,042-S06-003,S06,237,WEEK6,2026-03-10,50.0,50.0,N,3
EX_042-S06-003_WEEK8,042-S06-003,S06,238,WEEK8,2026-03-24,50.0,50.0,N,3
EX_042-S06-003_WEEK10,042-S06-003,S06,239,WEEK10,2026-04-10,50.0,50.0,N,4
EX_042-S06-003_WEEK12,042-S06-003,S06,240,WEEK12,2026-04-24,50.0,50.0,N,4
EX_042-S07-003_SCREENING,042-S07-003,S07,241,SCREENING,2026-01-10,50.0,50.0,N,1
EX_042-S07-003_BASELINE,042-S07-003,S07,242,BASELINE,2026-01-24,50.0,50.0,N,1
EX_042-S07-003_WEEK2,042-S07-003,S07,243,WEEK2,2026-02-10,50.0,50.0,N,2
EX_042-S07-003_WEEK4,042-S07-003,S07,244,WEEK4,2026-02-24,50.0,50.0,N,2
EX_042-S07-003_WEEK6,042-S07-003,S07,245,WEEK6,2026-03-10,50.0,50.0,N,3
EX_042-S07-003_WEEK8,042-S07-003,S07,246,WEEK8,2026-03-24,50.0,50.0,N,3
EX_042-S07-003_WEEK10,042-S07-003,S07,247,WEEK10,2026-04-10,50.0,50.0,N,4
EX_042-S07-003_WEEK12,042-S07-003,S07,248,WEEK12,2026-04-24,50.0,50.0,N,4
EX_042-S08-003_SCREENING,042-S08-003,S08,249,SCREENING,2026-01-10,50.0,50.0,N,1
EX_042-S08-003_BASELINE,042-S08-003,S08,250,BASELINE,2026-01-24,50.0,50.0,N,1
EX_042-S08-003_WEEK2,042-S08-003,S08,251,WEEK2,2026-02-10,50.0,50.0,N,2
EX_042-S08-003_WEEK4,042-S08-003,S08,252,WEEK4,2026-02-24,50.0,50.0,N,2
EX_042-S08-003_WEEK6,042-S08-003,S08,253,WEEK6,2026-03-10,50.0,50.0,N,3
EX_042-S08-003_WEEK8,042-S08-003,S08,254,WEEK8,2026-03-24,50.0,50.0,N,3
EX_042-S08-003_WEEK10,042-S08-003,S08,255,WEEK10,2026-04-10,50.0,50.0,N,4
EX_042-S08-003_WEEK12,042-S08-003,S08,256,WEEK12,2026-04-24,50.0,50.0,N,4
EX_042-S09-003_SCREENING,042-S09-003,S09,257,SCREENING,2026-01-10,50.0,50.0,N,1
EX_042-S09-003_BASELINE,042-S09-003,S09,258,BASELINE,2026-01-24,50.0,50.0,N,1
EX_042-S09-003_WEEK2,042-S09-003,S09,259,WEEK2,2026-02-10,50.0,50.0,N,2
EX_042-S09-003_WEEK4,042-S09-003,S09,260,WEEK4,2026-02-24,50.0,50.0,N,2
EX_042-S09-003_WEEK6,042-S09-003,S09,261,WEEK6,2026-03-10,50.0,50.0,N,3
EX_042-S09-003_WEEK8,042-S09-003,S09,262,WEEK8,2026-03-24,50.0,50.0,N,3
EX_042-S09-003_WEEK10,042-S09-003,S09,263,WEEK10,2026-04-10,50.0,50.0,N,4
EX_042-S09-003_WEEK12,042-S09-003,S09,264,WEEK12,2026-04-24,50.0,50.0,N,4
EX_042-S10-003_SCREENING,042-S10-003,S10,265,SCREENING,2026-01-10,50.0,50.0,N,1
EX_042-S10-003_BASELINE,042-S10-003,S10,266,BASELINE,2026-01-24,50.0,50.0,N,1
EX_042-S10-003_WEEK2,042-S10-003,S10,267,WEEK2,2026-02-10,50.0,50.0,N,2
EX_042-S10-003_WEEK4,042-S10-003,S10,268,WEEK4,2026-02-24,50.0,50.0,N,2
EX_042-S10-003_WEEK6,042-S10-003,S10,269,WEEK6,2026-03-10,50.0,50.0,N,3
EX_042-S10-003_WEEK8,042-S10-003,S10,270,WEEK8,2026-03-24,50.0,50.0,N,3
EX_042-S10-003_WEEK10,042-S10-003,S10,271,WEEK10,2026-04-10,50.0,50.0,N,4
EX_042-S10-003_WEEK12,042-S10-003,S10,272,WEEK12,2026-04-24,50.0,50.0,N,4
EX_042-S11-003_SCREENING,042-S11-003,S11,273,SCREENING,2026-01-10,50.0,50.0,N,1
EX_042-S11-003_BASELINE,042-S11-003,S11,274,BASELINE,2026-01-24,50.0,50.0,N,1
EX_042-S11-003_WEEK2,042-S11-003,S11,275,WEEK2,2026-02-10,50.0,50.0,N,2
EX_042-S11-003_WEEK4,042-S11-003,S11,276,WEEK4,2026-02-24,50.0,50.0,N,2
EX_042-S11-003_WEEK6,042-S11-003,S11,277,WEEK6,2026-03-10,50.0,50.0,N,3
EX_042-S11-003_WEEK8,042-S11-003,S11,278,WEEK8,2026-03-24,50.0,50.0,N,3
EX_042-S11-003_WEEK10,042-S11-003,S11,279,WEEK10,2026-04-10,50.0,50.0,N,4
EX_042-S11-003_WEEK12,042-S11-003,S11,280,WEEK12,2026-04-24,50.0,50.0,N,4
EX_042-S12-003_SCREENING,042-S12-003,S12,281,SCREENING,2026-01-10,50.0,50.0,N,1
EX_042-S12-003_BASELINE,042-S12-003,S12,282,BASELINE,2026-01-24,50.0,50.0,N,1
EX_042-S12-003_WEEK2,042-S12-003,S12,283,WEEK2,2026-02-10,50.0,50.0,N,2
EX_042-S12-003_WEEK4,042-S12-003,S12,284,WEEK4,2026-02-24,50.0,50.0,N,2
EX_042-S12-003_WEEK6,042-S12-003,S12,285,WEEK6,2026-03-10,50.0,50.0,N,3
EX_042-S12-003_WEEK8,042-S12-003,S12,286,WEEK8,2026-03-24,50.0,50.0,N,3
EX_042-S12-003_WEEK10,042-S12-003,S12,287,WEEK10,2026-04-10,50.0,50.0,N,4
EX_042-S12-003_WEEK12,042-S12-003,S12,288,WEEK12,2026-04-24,50.0,50.0,N,4
EX_042-S01-004_SCREENING,042-S01-004,S01,289,SCREENING,2026-01-10,50.0,50.0,N,1
EX_042-S01-004_BASELINE,042-S01-004,S01,290,BASELINE,2026-01-24,50.0,50.0,N,1
EX_042-S01-004_WEEK2,042-S01-004,S01,291,WEEK2,2026-02-10,50.0,50.0,N,2
EX_042-S01-004_WEEK4,042-S01-004,S01,292,WEEK4,2026-02-24,50.0,50.0,N,2
EX_042-S01-004_WEEK6,042-S01-004,S01,293,WEEK6,2026-03-10,50.0,50.0,N,3
EX_042-S01-004_WEEK8,042-S01-004,S01,294,WEEK8,2026-03-24,50.0,50.0,N,3
EX_042-S01-004_WEEK10,042-S01-004,S01,295,WEEK10,2026-04-10,50.0,50.0,N,4
EX_042-S01-004_WEEK12,042-S01-004,S01,296,WEEK12,2026-04-24,50.0,50.0,N,4
EX_042-S02-004_SCREENING,042-S02-004,S02,297,SCREENING,2026-01-10,50.0,50.0,N,1
EX_042-S02-004_BASELINE,042-S02-004,S02,298,BASELINE,2026-01-24,50.0,50.0,N,1
EX_042-S02-004_WEEK2,042-S02-004,S02,299,WEEK2,2026-02-10,50.0,50.0,N,2
EX_042-S02-004_WEEK4,042-S02-004,S02,300,WEEK4,2026-02-24,50.0,50.0,N,2
EX_042-S02-004_WEEK6,042-S02-004,S02,301,WEEK6,2026-03-10,50.0,50.0,N,3
EX_042-S02-004_WEEK8,042-S02-004,S02,302,WEEK8,2026-03-24,50.0,50.0,N,3
EX_042-S02-004_WEEK10,042-S02-004,S02,303,WEEK10,2026-04-10,50.0,50.0,N,4
EX_042-S02-004_WEEK12,042-S02-004,S02,304,WEEK12,2026-04-24,50.0,50.0,N,4
EX_042-S03-004_SCREENING,042-S03-004,S03,305,SCREENING,2026-01-10,50.0,50.0,N,1
EX_042-S03-004_BASELINE,042-S03-004,S03,306,BASELINE,2026-01-24,50.0,50.0,N,1
EX_042-S03-004_WEEK2,042-S03-004,S03,307,WEEK2,2026-02-10,50.0,50.0,N,2
EX_042-S03-004_WEEK4,042-S03-004,S03,308,WEEK4,2026-02-24,50.0,50.0,N,2
EX_042-S03-004_WEEK6,042-S03-004,S03,309,WEEK6,2026-03-10,50.0,50.0,N,3
EX_042-S03-004_WEEK8,042-S03-004,S03,310,WEEK8,2026-03-24,50.0,50.0,N,3
EX_042-S03-004_WEEK10,042-S03-004,S03,311,WEEK10,2026-04-10,50.0,50.0,N,4
EX_042-S03-004_WEEK12,042-S03-004,S03,312,WEEK12,2026-04-24,50.0,50.0,N,4
EX_042-S04-004_SCREENING,042-S04-004,S04,313,SCREENING,2026-01-10,50.0,50.0,N,1
EX_042-S04-004_BASELINE,042-S04-004,S04,314,BASELINE,2026-01-24,50.0,50.0,N,1
EX_042-S04-004_WEEK2,042-S04-004,S04,315,WEEK2,2026-02-10,50.0,50.0,N,2
EX_042-S04-004_WEEK4,042-S04-004,S04,316,WEEK4,2026-02-24,50.0,50.0,N,2
EX_042-S04-004_WEEK6,042-S04-004,S04,317,WEEK6,2026-03-10,50.0,50.0,N,3
EX_042-S04-004_WEEK8,042-S04-004,S04,318,WEEK8,2026-03-24,50.0,50.0,N,3
EX_042-S04-004_WEEK10,042-S04-004,S04,319,WEEK10,2026-04-10,50.0,50.0,N,4
EX_042-S04-004_WEEK12,042-S04-004,S04,320,WEEK12,2026-04-24,50.0,50.0,N,4
EX_042-S05-004_SCREENING,042-S05-004,S05,321,SCREENING,2026-01-10,50.0,50.0,N,1
EX_042-S05-004_BASELINE,042-S05-004,S05,322,BASELINE,2026-01-24,50.0,50.0,N,1
EX_042-S05-004_WEEK2,042-S05-004,S05,323,WEEK2,2026-02-10,50.0,50.0,N,2
EX_042-S05-004_WEEK4,042-S05-004,S05,324,WEEK4,2026-02-24,50.0,50.0,N,2
EX_042-S05-004_WEEK6,042-S05-004,S05,325,WEEK6,2026-03-10,50.0,50.0,N,3
EX_042-S05-004_WEEK8,042-S05-004,S05,326,WEEK8,2026-03-24,50.0,50.0,N,3
EX_042-S05-004_WEEK10,042-S05-004,S05,327,WEEK10,2026-04-10,50.0,50.0,N,4
EX_042-S05-004_WEEK12,042-S05-004,S05,328,WEEK12,2026-04-24,50.0,50.0,N,4
EX_042-S06-004_SCREENING,042-S06-004,S06,329,SCREENING,2026-01-10,50.0,50.0,N,1
EX_042-S06-004_BASELINE,042-S06-004,S06,330,BASELINE,2026-01-24,50.0,50.0,N,1
EX_042-S06-004_WEEK2,042-S06-004,S06,331,WEEK2,2026-02-10,50.0,50.0,N,2
EX_042-S06-004_WEEK4,042-S06-004,S06,332,WEEK4,2026-02-24,50.0,50.0,N,2
EX_042-S06-004_WEEK6,042-S06-004,S06,333,WEEK6,2026-03-10,50.0,50.0,N,3
EX_042-S06-004_WEEK8,042-S06-004,S06,334,WEEK8,2026-03-24,50.0,50.0,N,3
EX_042-S06-004_WEEK10,042-S06-004,S06,335,WEEK10,2026-04-10,50.0,50.0,N,4
EX_042-S06-004_WEEK12,042-S06-004,S06,336,WEEK12,2026-04-24,50.0,50.0,N,4
EX_042-S07-004_SCREENING,042-S07-004,S07,337,SCREENING,2026-01-10,50.0,50.0,N,1
EX_042-S07-004_BASELINE,042-S07-004,S07,338,BASELINE,2026-01-24,50.0,50.0,N,1
EX_042-S07-004_WEEK2,042-S07-004,S07,339,WEEK2,2026-02-10,50.0,50.0,N,2
EX_042-S07-004_WEEK4,042-S07-004,S07,340,WEEK4,2026-02-24,50.0,50.0,N,2
EX_042-S07-004_WEEK6,042-S07-004,S07,341,WEEK6,2026-03-10,50.0,50.0,N,3
EX_042-S07-004_WEEK8,042-S07-004,S07,342,WEEK8,2026-03-24,50.0,50.0,N,3
EX_042-S07-004_WEEK10,042-S07-004,S07,343,WEEK10,2026-04-10,50.0,50.0,N,4
EX_042-S07-004_WEEK12,042-S07-004,S07,344,WEEK12,2026-04-24,50.0,50.0,N,4
EX_042-S08-004_SCREENING,042-S08-004,S08,345,SCREENING,2026-01-10,50.0,50.0,N,1
EX_042-S08-004_BASELINE,042-S08-004,S08,346,BASELINE,2026-01-24,50.0,50.0,N,1
EX_042-S08-004_WEEK2,042-S08-004,S08,347,WEEK2,2026-02-10,50.0,50.0,N,2
EX_042-S08-004_WEEK4,042-S08-004,S08,348,WEEK4,2026-02-24,50.0,50.0,N,2
EX_042-S08-004_WEEK6,042-S08-004,S08,349,WEEK6,2026-03-10,50.0,50.0,N,3
EX_042-S08-004_WEEK8,042-S08-004,S08,350,WEEK8,2026-03-24,50.0,50.0,N,3
EX_042-S08-004_WEEK10,042-S08-004,S08,351,WEEK10,2026-04-10,50.0,50.0,N,4
EX_042-S08-004_WEEK12,042-S08-004,S08,352,WEEK12,2026-04-24,50.0,50.0,N,4
EX_042-S09-004_SCREENING,042-S09-004,S09,353,SCREENING,2026-01-10,50.0,50.0,N,1
EX_042-S09-004_BASELINE,042-S09-004,S09,354,BASELINE,2026-01-24,50.0,50.0,N,1
EX_042-S09-004_WEEK2,042-S09-004,S09,355,WEEK2,2026-02-10,50.0,50.0,N,2
EX_042-S09-004_WEEK4,042-S09-004,S09,356,WEEK4,2026-02-24,50.0,50.0,N,2
EX_042-S09-004_WEEK6,042-S09-004,S09,357,WEEK6,2026-03-10,50.0,50.0,N,3
EX_042-S09-004_WEEK8,042-S09-004,S09,358,WEEK8,2026-03-24,50.0,50.0,N,3
EX_042-S09-004_WEEK10,042-S09-004,S09,359,WEEK10,2026-04-10,50.0,50.0,N,4
EX_042-S09-004_WEEK12,042-S09-004,S09,360,WEEK12,2026-04-24,50.0,50.0,N,4
EX_042-S10-004_SCREENING,042-S10-004,S10,361,SCREENING,2026-01-10,50.0,50.0,N,1
EX_042-S10-004_BASELINE,042-S10-004,S10,362,BASELINE,2026-01-24,50.0,50.0,N,1
EX_042-S10-004_WEEK2,042-S10-004,S10,363,WEEK2,2026-02-10,50.0,50.0,N,2
EX_042-S10-004_WEEK4,042-S10-004,S10,364,WEEK4,2026-02-24,50.0,50.0,N,2
EX_042-S10-004_WEEK6,042-S10-004,S10,365,WEEK6,2026-03-10,50.0,50.0,N,3
EX_042-S10-004_WEEK8,042-S10-004,S10,366,WEEK8,2026-03-24,50.0,50.0,N,3
EX_042-S10-004_WEEK10,042-S10-004,S10,367,WEEK10,2026-04-10,50.0,50.0,N,4
EX_042-S10-004_WEEK12,042-S10-004,S10,368,WEEK12,2026-04-24,50.0,50.0,N,4
EX_042-S11-004_SCREENING,042-S11-004,S11,369,SCREENING,2026-01-10,50.0,50.0,N,1
EX_042-S11-004_BASELINE,042-S11-004,S11,370,BASELINE,2026-01-24,50.0,50.0,N,1
EX_042-S11-004_WEEK2,042-S11-004,S11,371,WEEK2,2026-02-10,50.0,50.0,N,2
EX_042-S11-004_WEEK4,042-S11-004,S11,372,WEEK4,2026-02-24,50.0,50.0,N,2
EX_042-S11-004_WEEK6,042-S11-004,S11,373,WEEK6,2026-03-10,50.0,50.0,N,3
EX_042-S11-004_WEEK8,042-S11-004,S11,374,WEEK8,2026-03-24,50.0,50.0,N,3
EX_042-S11-004_WEEK10,042-S11-004,S11,375,WEEK10,2026-04-10,50.0,50.0,N,4
EX_042-S11-004_WEEK12,042-S11-004,S11,376,WEEK12,2026-04-24,50.0,50.0,N,4
EX_042-S12-004_SCREENING,042-S12-004,S12,377,SCREENING,2026-01-10,50.0,50.0,N,1
EX_042-S12-004_BASELINE,042-S12-004,S12,378,BASELINE,2026-01-24,50.0,50.0,N,1
EX_042-S12-004_WEEK2,042-S12-004,S12,379,WEEK2,2026-02-10,50.0,50.0,N,2
EX_042-S12-004_WEEK4,042-S12-004,S12,380,WEEK4,2026-02-24,50.0,50.0,N,2
EX_042-S12-004_WEEK6,042-S12-004,S12,381,WEEK6,2026-03-10,50.0,50.0,N,3
EX_042-S12-004_WEEK8,042-S12-004,S12,382,WEEK8,2026-03-24,50.0,50.0,N,3
EX_042-S12-004_WEEK10,042-S12-004,S12,383,WEEK10,2026-04-10,50.0,50.0,N,4
EX_042-S12-004_WEEK12,042-S12-004,S12,384,WEEK12,2026-04-24,50.0,50.0,N,4
EX_042-S01-005_SCREENING,042-S01-005,S01,385,SCREENING,2026-01-10,50.0,50.0,N,1
EX_042-S01-005_BASELINE,042-S01-005,S01,386,BASELINE,2026-01-24,50.0,50.0,N,1
EX_042-S01-005_WEEK2,042-S01-005,S01,387,WEEK2,2026-02-10,50.0,50.0,N,2
EX_042-S01-005_WEEK4,042-S01-005,S01,388,WEEK4,2026-02-24,50.0,50.0,N,2
EX_042-S01-005_WEEK6,042-S01-005,S01,389,WEEK6,2026-03-10,50.0,50.0,N,3
EX_042-S01-005_WEEK8,042-S01-005,S01,390,WEEK8,2026-03-24,50.0,50.0,N,3
EX_042-S01-005_WEEK10,042-S01-005,S01,391,WEEK10,2026-04-10,50.0,50.0,N,4
EX_042-S01-005_WEEK12,042-S01-005,S01,392,WEEK12,2026-04-24,50.0,50.0,N,4
EX_042-S02-005_SCREENING,042-S02-005,S02,393,SCREENING,2026-01-10,50.0,50.0,N,1
EX_042-S02-005_BASELINE,042-S02-005,S02,394,BASELINE,2026-01-24,50.0,50.0,N,1
EX_042-S02-005_WEEK2,042-S02-005,S02,395,WEEK2,2026-02-10,50.0,50.0,N,2
EX_042-S02-005_WEEK4,042-S02-005,S02,396,WEEK4,2026-02-24,50.0,50.0,N,2
EX_042-S02-005_WEEK6,042-S02-005,S02,397,WEEK6,2026-03-10,50.0,50.0,N,3
EX_042-S02-005_WEEK8,042-S02-005,S02,398,WEEK8,2026-03-24,50.0,50.0,N,3
EX_042-S02-005_WEEK10,042-S02-005,S02,399,WEEK10,2026-04-10,50.0,50.0,N,4
EX_042-S02-005_WEEK12,042-S02-005,S02,400,WEEK12,2026-04-24,50.0,50.0,N,4
EX_042-S03-005_SCREENING,042-S03-005,S03,401,SCREENING,2026-01-10,50.0,50.0,N,1
EX_042-S03-005_BASELINE,042-S03-005,S03,402,BASELINE,2026-01-24,50.0,50.0,N,1
EX_042-S03-005_WEEK2,042-S03-005,S03,403,WEEK2,2026-02-10,50.0,50.0,N,2
EX_042-S03-005_WEEK4,042-S03-005,S03,404,WEEK4,2026-02-24,50.0,50.0,N,2
EX_042-S03-005_WEEK6,042-S03-005,S03,405,WEEK6,2026-03-10,50.0,50.0,N,3
EX_042-S03-005_WEEK8,042-S03-005,S03,406,WEEK8,2026-03-24,50.0,50.0,N,3
EX_042-S03-005_WEEK10,042-S03-005,S03,407,WEEK10,2026-04-10,50.0,50.0,N,4
EX_042-S03-005_WEEK12,042-S03-005,S03,408,WEEK12,2026-04-24,50.0,50.0,N,4
EX_042-S04-005_SCREENING,042-S04-005,S04,409,SCREENING,2026-01-10,50.0,50.0,N,1
EX_042-S04-005_BASELINE,042-S04-005,S04,410,BASELINE,2026-01-24,50.0,50.0,N,1
EX_042-S04-005_WEEK2,042-S04-005,S04,411,WEEK2,2026-02-10,50.0,50.0,N,2
EX_042-S04-005_WEEK4,042-S04-005,S04,412,WEEK4,2026-02-24,50.0,50.0,N,2
EX_042-S04-005_WEEK6,042-S04-005,S04,413,WEEK6,2026-03-10,50.0,50.0,N,3
EX_042-S04-005_WEEK8,042-S04-005,S04,414,WEEK8,2026-03-24,50.0,50.0,N,3
EX_042-S04-005_WEEK10,042-S04-005,S04,415,WEEK10,2026-04-10,50.0,50.0,N,4
EX_042-S04-005_WEEK12,042-S04-005,S04,416,WEEK12,2026-04-24,50.0,50.0,N,4
EX_042-S05-005_SCREENING,042-S05-005,S05,417,SCREENING,2026-01-10,50.0,50.0,N,1
EX_042-S05-005_BASELINE,042-S05-005,S05,418,BASELINE,2026-01-24,50.0,50.0,N,1
EX_042-S05-005_WEEK2,042-S05-005,S05,419,WEEK2,2026-02-10,50.0,50.0,N,2
EX_042-S05-005_WEEK4,042-S05-005,S05,420,WEEK4,2026-02-24,50.0,50.0,N,2
EX_042-S05-005_WEEK6,042-S05-005,S05,421,WEEK6,2026-03-10,50.0,50.0,N,3
EX_042-S05-005_WEEK8,042-S05-005,S05,422,WEEK8,2026-03-24,50.0,50.0,N,3
EX_042-S05-005_WEEK10,042-S05-005,S05,423,WEEK10,2026-04-10,50.0,50.0,N,4
EX_042-S05-005_WEEK12,042-S05-005,S05,424,WEEK12,2026-04-24,50.0,50.0,N,4
EX_042-S06-005_SCREENING,042-S06-005,S06,425,SCREENING,2026-01-10,50.0,50.0,N,1
EX_042-S06-005_BASELINE,042-S06-005,S06,426,BASELINE,2026-01-24,50.0,50.0,N,1
EX_042-S06-005_WEEK2,042-S06-005,S06,427,WEEK2,2026-02-10,50.0,50.0,N,2
EX_042-S06-005_WEEK4,042-S06-005,S06,428,WEEK4,2026-02-24,50.0,50.0,N,2
EX_042-S06-005_WEEK6,042-S06-005,S06,429,WEEK6,2026-03-10,50.0,50.0,N,3
EX_042-S06-005_WEEK8,042-S06-005,S06,430,WEEK8,2026-03-24,50.0,50.0,N,3
EX_042-S06-005_WEEK10,042-S06-005,S06,431,WEEK10,2026-04-10,50.0,50.0,N,4
EX_042-S06-005_WEEK12,042-S06-005,S06,432,WEEK12,2026-04-24,50.0,50.0,N,4
EX_042-S07-005_SCREENING,042-S07-005,S07,433,SCREENING,2026-01-10,50.0,50.0,N,1
EX_042-S07-005_BASELINE,042-S07-005,S07,434,BASELINE,2026-01-24,50.0,50.0,N,1
EX_042-S07-005_WEEK2,042-S07-005,S07,435,WEEK2,2026-02-10,50.0,50.0,N,2
EX_042-S07-005_WEEK4,042-S07-005,S07,436,WEEK4,2026-02-24,50.0,50.0,N,2
EX_042-S07-005_WEEK6,042-S07-005,S07,437,WEEK6,2026-03-10,50.0,50.0,N,3
EX_042-S07-005_WEEK8,042-S07-005,S07,438,WEEK8,2026-03-24,50.0,50.0,N,3
EX_042-S07-005_WEEK10,042-S07-005,S07,439,WEEK10,2026-04-10,50.0,50.0,N,4
EX_042-S07-005_WEEK12,042-S07-005,S07,440,WEEK12,2026-04-24,50.0,50.0,N,4
EX_042-S08-005_SCREENING,042-S08-005,S08,441,SCREENING,2026-01-10,50.0,50.0,N,1
EX_042-S08-005_BASELINE,042-S08-005,S08,442,BASELINE,2026-01-24,50.0,50.0,N,1
EX_042-S08-005_WEEK2,042-S08-005,S08,443,WEEK2,2026-02-10,50.0,50.0,N,2
EX_042-S08-005_WEEK4,042-S08-005,S08,444,WEEK4,2026-02-24,50.0,50.0,N,2
EX_042-S08-005_WEEK6,042-S08-005,S08,445,WEEK6,2026-03-10,50.0,50.0,N,3
EX_042-S08-005_WEEK8,042-S08-005,S08,446,WEEK8,2026-03-24,50.0,50.0,N,3
EX_042-S08-005_WEEK10,042-S08-005,S08,447,WEEK10,2026-04-10,50.0,50.0,N,4
EX_042-S08-005_WEEK12,042-S08-005,S08,448,WEEK12,2026-04-24,50.0,50.0,N,4
EX_042-S09-005_SCREENING,042-S09-005,S09,449,SCREENING,2026-01-10,50.0,50.0,N,1
EX_042-S09-005_BASELINE,042-S09-005,S09,450,BASELINE,2026-01-24,50.0,50.0,N,1
EX_042-S09-005_WEEK2,042-S09-005,S09,451,WEEK2,2026-02-10,50.0,50.0,N,2
EX_042-S09-005_WEEK4,042-S09-005,S09,452,WEEK4,2026-02-24,50.0,50.0,N,2
EX_042-S09-005_WEEK6,042-S09-005,S09,453,WEEK6,2026-03-10,50.0,50.0,N,3
EX_042-S09-005_WEEK8,042-S09-005,S09,454,WEEK8,2026-03-24,50.0,50.0,N,3
EX_042-S09-005_WEEK10,042-S09-005,S09,455,WEEK10,2026-04-10,50.0,50.0,N,4
EX_042-S09-005_WEEK12,042-S09-005,S09,456,WEEK12,2026-04-24,50.0,50.0,N,4
EX_042-S10-005_SCREENING,042-S10-005,S10,457,SCREENING,2026-01-10,50.0,50.0,N,1
EX_042-S10-005_BASELINE,042-S10-005,S10,458,BASELINE,2026-01-24,50.0,50.0,N,1
EX_042-S10-005_WEEK2,042-S10-005,S10,459,WEEK2,2026-02-10,50.0,50.0,N,2
EX_042-S10-005_WEEK4,042-S10-005,S10,460,WEEK4,2026-02-24,50.0,50.0,N,2
EX_042-S10-005_WEEK6,042-S10-005,S10,461,WEEK6,2026-03-10,50.0,50.0,N,3
EX_042-S10-005_WEEK8,042-S10-005,S10,462,WEEK8,2026-03-24,50.0,50.0,N,3
EX_042-S10-005_WEEK10,042-S10-005,S10,463,WEEK10,2026-04-10,50.0,50.0,N,4
EX_042-S10-005_WEEK12,042-S10-005,S10,464,WEEK12,2026-04-24,50.0,50.0,N,4
EX_042-S11-005_SCREENING,042-S11-005,S11,465,SCREENING,2026-01-10,50.0,50.0,N,1
EX_042-S11-005_BASELINE,042-S11-005,S11,466,BASELINE,2026-01-24,50.0,50.0,N,1
EX_042-S11-005_WEEK2,042-S11-005,S11,467,WEEK2,2026-02-10,50.0,50.0,N,2
EX_042-S11-005_WEEK4,042-S11-005,S11,468,WEEK4,2026-02-24,50.0,50.0,N,2
EX_042-S11-005_WEEK6,042-S11-005,S11,469,WEEK6,2026-03-10,50.0,50.0,N,3
EX_042-S11-005_WEEK8,042-S11-005,S11,470,WEEK8,2026-03-24,50.0,50.0,N,3
EX_042-S11-005_WEEK10,042-S11-005,S11,471,WEEK10,2026-04-10,50.0,50.0,N,4
EX_042-S11-005_WEEK12,042-S11-005,S11,472,WEEK12,2026-04-24,50.0,50.0,N,4
EX_042-S12-005_SCREENING,042-S12-005,S12,473,SCREENING,2026-01-10,50.0,50.0,N,1
EX_042-S12-005_BASELINE,042-S12-005,S12,474,BASELINE,2026-01-24,50.0,50.0,N,1
EX_042-S12-005_WEEK2,042-S12-005,S12,475,WEEK2,2026-02-10,50.0,50.0,N,2
EX_042-S12-005_WEEK4,042-S12-005,S12,476,WEEK4,2026-02-24,50.0,50.0,N,2
EX_042-S12-005_WEEK6,042-S12-005,S12,477,WEEK6,2026-03-10,50.0,50.0,N,3
EX_042-S12-005_WEEK8,042-S12-005,S12,478,WEEK8,2026-03-24,50.0,50.0,N,3
EX_042-S12-005_WEEK10,042-S12-005,S12,479,WEEK10,2026-04-10,50.0,50.0,N,4
EX_042-S12-005_WEEK12,042-S12-005,S12,480,WEEK12,2026-04-24,50.0,50.0,N,4
EX_042-S01-006_SCREENING,042-S01-006,S01,481,SCREENING,2026-01-10,50.0,50.0,N,1
EX_042-S01-006_BASELINE,042-S01-006,S01,482,BASELINE,2026-01-24,50.0,50.0,N,1
EX_042-S01-006_WEEK2,042-S01-006,S01,483,WEEK2,2026-02-10,50.0,50.0,N,2
EX_042-S01-006_WEEK4,042-S01-006,S01,484,WEEK4,2026-02-24,50.0,50.0,N,2
EX_042-S01-006_WEEK6,042-S01-006,S01,485,WEEK6,2026-03-10,50.0,50.0,N,3
EX_042-S01-006_WEEK8,042-S01-006,S01,486,WEEK8,2026-03-24,50.0,50.0,N,3
EX_042-S01-006_WEEK10,042-S01-006,S01,487,WEEK10,2026-04-10,50.0,50.0,N,4
EX_042-S01-006_WEEK12,042-S01-006,S01,488,WEEK12,2026-04-24,50.0,50.0,N,4
EX_042-S02-006_SCREENING,042-S02-006,S02,489,SCREENING,2026-01-10,50.0,50.0,N,1
EX_042-S02-006_BASELINE,042-S02-006,S02,490,BASELINE,2026-01-24,50.0,50.0,N,1
EX_042-S02-006_WEEK2,042-S02-006,S02,491,WEEK2,2026-02-10,50.0,50.0,N,2
EX_042-S02-006_WEEK4,042-S02-006,S02,492,WEEK4,2026-02-24,50.0,50.0,N,2
EX_042-S02-006_WEEK6,042-S02-006,S02,493,WEEK6,2026-03-10,50.0,50.0,N,3
EX_042-S02-006_WEEK8,042-S02-006,S02,494,WEEK8,2026-03-24,50.0,50.0,N,3
EX_042-S02-006_WEEK10,042-S02-006,S02,495,WEEK10,2026-04-10,50.0,50.0,N,4
EX_042-S02-006_WEEK12,042-S02-006,S02,496,WEEK12,2026-04-24,50.0,50.0,N,4
EX_042-S03-006_SCREENING,042-S03-006,S03,497,SCREENING,2026-01-10,50.0,50.0,N,1
EX_042-S03-006_BASELINE,042-S03-006,S03,498,BASELINE,2026-01-24,50.0,50.0,N,1
EX_042-S03-006_WEEK2,042-S03-006,S03,499,WEEK2,2026-02-10,50.0,50.0,N,2
EX_042-S03-006_WEEK4,042-S03-006,S03,500,WEEK4,2026-02-24,50.0,50.0,N,2
EX_042-S03-006_WEEK6,042-S03-006,S03,501,WEEK6,2026-03-10,50.0,50.0,N,3
EX_042-S03-006_WEEK8,042-S03-006,S03,502,WEEK8,2026-03-24,50.0,50.0,N,3
EX_042-S03-006_WEEK10,042-S03-006,S03,503,WEEK10,2026-04-10,50.0,50.0,N,4
EX_042-S03-006_WEEK12,042-S03-006,S03,504,WEEK12,2026-04-24,50.0,50.0,N,4
EX_042-S04-006_SCREENING,042-S04-006,S04,505,SCREENING,2026-01-10,50.0,50.0,N,1
EX_042-S04-006_BASELINE,042-S04-006,S04,506,BASELINE,2026-01-24,50.0,50.0,N,1
EX_042-S04-006_WEEK2,042-S04-006,S04,507,WEEK2,2026-02-10,50.0,50.0,N,2
EX_042-S04-006_WEEK4,042-S04-006,S04,508,WEEK4,2026-02-24,50.0,50.0,N,2
EX_042-S04-006_WEEK6,042-S04-006,S04,509,WEEK6,2026-03-10,50.0,50.0,N,3
EX_042-S04-006_WEEK8,042-S04-006,S04,510,WEEK8,2026-03-24,50.0,50.0,N,3
EX_042-S04-006_WEEK10,042-S04-006,S04,511,WEEK10,2026-04-10,50.0,50.0,N,4
EX_042-S04-006_WEEK12,042-S04-006,S04,512,WEEK12,2026-04-24,50.0,50.0,N,4
EX_042-S05-006_SCREENING,042-S05-006,S05,513,SCREENING,2026-01-10,50.0,50.0,N,1
EX_042-S05-006_BASELINE,042-S05-006,S05,514,BASELINE,2026-01-24,50.0,50.0,N,1
EX_042-S05-006_WEEK2,042-S05-006,S05,515,WEEK2,2026-02-10,50.0,50.0,N,2
EX_042-S05-006_WEEK4,042-S05-006,S05,516,WEEK4,2026-02-24,50.0,50.0,N,2
EX_042-S05-006_WEEK6,042-S05-006,S05,517,WEEK6,2026-03-10,50.0,50.0,N,3
EX_042-S05-006_WEEK8,042-S05-006,S05,518,WEEK8,2026-03-24,50.0,50.0,N,3
EX_042-S05-006_WEEK10,042-S05-006,S05,519,WEEK10,2026-04-10,50.0,50.0,N,4
EX_042-S05-006_WEEK12,042-S05-006,S05,520,WEEK12,2026-04-24,50.0,50.0,N,4
EX_042-S06-006_SCREENING,042-S06-006,S06,521,SCREENING,2026-01-10,50.0,50.0,N,1
EX_042-S06-006_BASELINE,042-S06-006,S06,522,BASELINE,2026-01-24,50.0,50.0,N,1
EX_042-S06-006_WEEK2,042-S06-006,S06,523,WEEK2,2026-02-10,50.0,50.0,N,2
EX_042-S06-006_WEEK4,042-S06-006,S06,524,WEEK4,2026-02-24,50.0,50.0,N,2
EX_042-S06-006_WEEK6,042-S06-006,S06,525,WEEK6,2026-03-10,50.0,50.0,N,3
EX_042-S06-006_WEEK8,042-S06-006,S06,526,WEEK8,2026-03-24,50.0,50.0,N,3
EX_042-S06-006_WEEK10,042-S06-006,S06,527,WEEK10,2026-04-10,50.0,50.0,N,4
EX_042-S06-006_WEEK12,042-S06-006,S06,528,WEEK12,2026-04-24,50.0,50.0,N,4
EX_042-S07-006_SCREENING,042-S07-006,S07,529,SCREENING,2026-01-10,50.0,50.0,N,1
EX_042-S07-006_BASELINE,042-S07-006,S07,530,BASELINE,2026-01-24,50.0,50.0,N,1
EX_042-S07-006_WEEK2,042-S07-006,S07,531,WEEK2,2026-02-10,50.0,50.0,N,2
EX_042-S07-006_WEEK4,042-S07-006,S07,532,WEEK4,2026-02-24,50.0,50.0,N,2
EX_042-S07-006_WEEK6,042-S07-006,S07,533,WEEK6,2026-03-10,50.0,50.0,N,3
EX_042-S07-006_WEEK8,042-S07-006,S07,534,WEEK8,2026-03-24,50.0,50.0,N,3
EX_042-S07-006_WEEK10,042-S07-006,S07,535,WEEK10,2026-04-10,50.0,50.0,N,4
EX_042-S07-006_WEEK12,042-S07-006,S07,536,WEEK12,2026-04-24,50.0,50.0,N,4
EX_042-S08-006_SCREENING,042-S08-006,S08,537,SCREENING,2026-01-10,50.0,50.0,N,1
EX_042-S08-006_BASELINE,042-S08-006,S08,538,BASELINE,2026-01-24,50.0,50.0,N,1
EX_042-S08-006_WEEK2,042-S08-006,S08,539,WEEK2,2026-02-10,50.0,50.0,N,2
EX_042-S08-006_WEEK4,042-S08-006,S08,540,WEEK4,2026-02-24,50.0,50.0,N,2
EX_042-S08-006_WEEK6,042-S08-006,S08,541,WEEK6,2026-03-10,50.0,50.0,N,3
EX_042-S08-006_WEEK8,042-S08-006,S08,542,WEEK8,2026-03-24,50.0,50.0,N,3
EX_042-S08-006_WEEK10,042-S08-006,S08,543,WEEK10,2026-04-10,50.0,50.0,N,4
EX_042-S08-006_WEEK12,042-S08-006,S08,544,WEEK12,2026-04-24,50.0,50.0,N,4
EX_042-S09-006_SCREENING,042-S09-006,S09,545,SCREENING,2026-01-10,50.0,50.0,N,1
EX_042-S09-006_BASELINE,042-S09-006,S09,546,BASELINE,2026-01-24,50.0,50.0,N,1
EX_042-S09-006_WEEK2,042-S09-006,S09,547,WEEK2,2026-02-10,50.0,50.0,N,2
EX_042-S09-006_WEEK4,042-S09-006,S09,548,WEEK4,2026-02-24,50.0,50.0,N,2
EX_042-S09-006_WEEK6,042-S09-006,S09,549,WEEK6,2026-03-10,50.0,50.0,N,3
EX_042-S09-006_WEEK8,042-S09-006,S09,550,WEEK8,2026-03-24,50.0,50.0,N,3
EX_042-S09-006_WEEK10,042-S09-006,S09,551,WEEK10,2026-04-10,50.0,50.0,N,4
EX_042-S09-006_WEEK12,042-S09-006,S09,552,WEEK12,2026-04-24,50.0,50.0,N,4
EX_042-S10-006_SCREENING,042-S10-006,S10,553,SCREENING,2026-01-10,50.0,50.0,N,1
EX_042-S10-006_BASELINE,042-S10-006,S10,554,BASELINE,2026-01-24,50.0,50.0,N,1
EX_042-S10-006_WEEK2,042-S10-006,S10,555,WEEK2,2026-02-10,50.0,50.0,N,2
EX_042-S10-006_WEEK4,042-S10-006,S10,556,WEEK4,2026-02-24,50.0,50.0,N,2
EX_042-S10-006_WEEK6,042-S10-006,S10,557,WEEK6,2026-03-10,50.0,50.0,N,3
EX_042-S10-006_WEEK8,042-S10-006,S10,558,WEEK8,2026-03-24,50.0,50.0,N,3
EX_042-S10-006_WEEK10,042-S10-006,S10,559,WEEK10,2026-04-10,50.0,50.0,N,4
EX_042-S10-006_WEEK12,042-S10-006,S10,560,WEEK12,2026-04-24,50.0,50.0,N,4
EX_042-S11-006_SCREENING,042-S11-006,S11,561,SCREENING,2026-01-10,50.0,50.0,N,1
EX_042-S11-006_BASELINE,042-S11-006,S11,562,BASELINE,2026-01-24,50.0,50.0,N,1
EX_042-S11-006_WEEK2,042-S11-006,S11,563,WEEK2,2026-02-10,50.0,50.0,N,2
EX_042-S11-006_WEEK4,042-S11-006,S11,564,WEEK4,2026-02-24,50.0,50.0,N,2
EX_042-S11-006_WEEK6,042-S11-006,S11,565,WEEK6,2026-03-10,50.0,50.0,N,3
EX_042-S11-006_WEEK8,042-S11-006,S11,566,WEEK8,2026-03-24,50.0,50.0,N,3
EX_042-S11-006_WEEK10,042-S11-006,S11,567,WEEK10,2026-04-10,50.0,50.0,N,4
EX_042-S11-006_WEEK12,042-S11-006,S11,568,WEEK12,2026-04-24,50.0,50.0,N,4
EX_042-S12-006_SCREENING,042-S12-006,S12,569,SCREENING,2026-01-10,50.0,50.0,N,1
EX_042-S12-006_BASELINE,042-S12-006,S12,570,BASELINE,2026-01-24,50.0,50.0,N,1
EX_042-S12-006_WEEK2,042-S12-006,S12,571,WEEK2,2026-02-10,50.0,50.0,N,2
EX_042-S12-006_WEEK4,042-S12-006,S12,572,WEEK4,2026-02-24,50.0,50.0,N,2
EX_042-S12-006_WEEK6,042-S12-006,S12,573,WEEK6,2026-03-10,50.0,50.0,N,3
EX_042-S12-006_WEEK8,042-S12-006,S12,574,WEEK8,2026-03-24,50.0,50.0,N,3
EX_042-S12-006_WEEK10,042-S12-006,S12,575,WEEK10,2026-04-10,50.0,50.0,N,4
EX_042-S12-006_WEEK12,042-S12-006,S12,576,WEEK12,2026-04-24,50.0,50.0,N,4
EX_042-S01-007_SCREENING,042-S01-007,S01,577,SCREENING,2026-01-10,50.0,50.0,N,1
EX_042-S01-007_BASELINE,042-S01-007,S01,578,BASELINE,2026-01-24,50.0,50.0,N,1
EX_042-S01-007_WEEK2,042-S01-007,S01,579,WEEK2,2026-02-10,50.0,50.0,N,2
EX_042-S01-007_WEEK4,042-S01-007,S01,580,WEEK4,2026-02-24,50.0,50.0,N,2
EX_042-S01-007_WEEK6,042-S01-007,S01,581,WEEK6,2026-03-10,50.0,50.0,N,3
EX_042-S01-007_WEEK8,042-S01-007,S01,582,WEEK8,2026-03-24,50.0,50.0,N,3
EX_042-S01-007_WEEK10,042-S01-007,S01,583,WEEK10,2026-04-10,50.0,50.0,N,4
EX_042-S01-007_WEEK12,042-S01-007,S01,584,WEEK12,2026-04-24,50.0,50.0,N,4
EX_042-S02-007_SCREENING,042-S02-007,S02,585,SCREENING,2026-01-10,50.0,50.0,N,1
EX_042-S02-007_BASELINE,042-S02-007,S02,586,BASELINE,2026-01-24,50.0,50.0,N,1
EX_042-S02-007_WEEK2,042-S02-007,S02,587,WEEK2,2026-02-10,50.0,50.0,N,2
EX_042-S02-007_WEEK4,042-S02-007,S02,588,WEEK4,2026-02-24,50.0,50.0,N,2
EX_042-S02-007_WEEK6,042-S02-007,S02,589,WEEK6,2026-03-10,50.0,50.0,N,3
EX_042-S02-007_WEEK8,042-S02-007,S02,590,WEEK8,2026-03-24,50.0,50.0,N,3
EX_042-S02-007_WEEK10,042-S02-007,S02,591,WEEK10,2026-04-10,50.0,50.0,N,4
EX_042-S02-007_WEEK12,042-S02-007,S02,592,WEEK12,2026-04-24,50.0,50.0,N,4
EX_042-S03-007_SCREENING,042-S03-007,S03,593,SCREENING,2026-01-10,50.0,50.0,N,1
EX_042-S03-007_BASELINE,042-S03-007,S03,594,BASELINE,2026-01-24,50.0,50.0,N,1
EX_042-S03-007_WEEK2,042-S03-007,S03,595,WEEK2,2026-02-10,50.0,50.0,N,2
EX_042-S03-007_WEEK4,042-S03-007,S03,596,WEEK4,2026-02-24,50.0,50.0,N,2
EX_042-S03-007_WEEK6,042-S03-007,S03,597,WEEK6,2026-03-10,50.0,50.0,N,3
EX_042-S03-007_WEEK8,042-S03-007,S03,598,WEEK8,2026-03-24,50.0,50.0,N,3
EX_042-S03-007_WEEK10,042-S03-007,S03,599,WEEK10,2026-04-10,50.0,50.0,N,4
EX_042-S03-007_WEEK12,042-S03-007,S03,600,WEEK12,2026-04-24,50.0,50.0,N,4
EX_042-S04-007_SCREENING,042-S04-007,S04,601,SCREENING,2026-01-10,50.0,50.0,N,1
EX_042-S04-007_BASELINE,042-S04-007,S04,602,BASELINE,2026-01-24,50.0,50.0,N,1
EX_042-S04-007_WEEK2,042-S04-007,S04,603,WEEK2,2026-02-10,50.0,50.0,N,2
EX_042-S04-007_WEEK4,042-S04-007,S04,604,WEEK4,2026-02-24,50.0,50.0,N,2
EX_042-S04-007_WEEK6,042-S04-007,S04,605,WEEK6,2026-03-10,50.0,50.0,N,3
EX_042-S04-007_WEEK8,042-S04-007,S04,606,WEEK8,2026-03-24,50.0,50.0,N,3
EX_042-S04-007_WEEK10,042-S04-007,S04,607,WEEK10,2026-04-10,50.0,50.0,N,4
EX_042-S04-007_WEEK12,042-S04-007,S04,608,WEEK12,2026-04-24,50.0,50.0,N,4
EX_042-S05-007_SCREENING,042-S05-007,S05,609,SCREENING,2026-01-10,50.0,50.0,N,1
EX_042-S05-007_BASELINE,042-S05-007,S05,610,BASELINE,2026-01-24,50.0,50.0,N,1
EX_042-S05-007_WEEK2,042-S05-007,S05,611,WEEK2,2026-02-10,50.0,50.0,N,2
EX_042-S05-007_WEEK4,042-S05-007,S05,612,WEEK4,2026-02-24,50.0,50.0,N,2
EX_042-S05-007_WEEK6,042-S05-007,S05,613,WEEK6,2026-03-10,50.0,50.0,N,3
EX_042-S05-007_WEEK8,042-S05-007,S05,614,WEEK8,2026-03-24,50.0,50.0,N,3
EX_042-S05-007_WEEK10,042-S05-007,S05,615,WEEK10,2026-04-10,50.0,50.0,N,4
EX_042-S05-007_WEEK12,042-S05-007,S05,616,WEEK12,2026-04-24,50.0,50.0,N,4
EX_042-S06-007_SCREENING,042-S06-007,S06,617,SCREENING,2026-01-10,50.0,50.0,N,1
EX_042-S06-007_BASELINE,042-S06-007,S06,618,BASELINE,2026-01-24,50.0,50.0,N,1
EX_042-S06-007_WEEK2,042-S06-007,S06,619,WEEK2,2026-02-10,50.0,50.0,N,2
EX_042-S06-007_WEEK4,042-S06-007,S06,620,WEEK4,2026-02-24,50.0,50.0,N,2
EX_042-S06-007_WEEK6,042-S06-007,S06,621,WEEK6,2026-03-10,50.0,50.0,N,3
EX_042-S06-007_WEEK8,042-S06-007,S06,622,WEEK8,2026-03-24,50.0,50.0,N,3
EX_042-S06-007_WEEK10,042-S06-007,S06,623,WEEK10,2026-04-10,50.0,50.0,N,4
EX_042-S06-007_WEEK12,042-S06-007,S06,624,WEEK12,2026-04-24,50.0,50.0,N,4
EX_042-S07-007_SCREENING,042-S07-007,S07,625,SCREENING,2026-01-10,50.0,50.0,N,1
EX_042-S07-007_BASELINE,042-S07-007,S07,626,BASELINE,2026-01-24,50.0,50.0,N,1
EX_042-S07-007_WEEK2,042-S07-007,S07,627,WEEK2,2026-02-10,50.0,50.0,N,2
EX_042-S07-007_WEEK4,042-S07-007,S07,628,WEEK4,2026-02-24,50.0,50.0,N,2
EX_042-S07-007_WEEK6,042-S07-007,S07,629,WEEK6,2026-03-10,50.0,50.0,N,3
EX_042-S07-007_WEEK8,042-S07-007,S07,630,WEEK8,2026-03-24,50.0,50.0,N,3
EX_042-S07-007_WEEK10,042-S07-007,S07,631,WEEK10,2026-04-10,50.0,50.0,N,4
EX_042-S07-007_WEEK12,042-S07-007,S07,632,WEEK12,2026-04-24,50.0,50.0,N,4
EX_042-S08-007_SCREENING,042-S08-007,S08,633,SCREENING,2026-01-10,50.0,50.0,N,1
EX_042-S08-007_BASELINE,042-S08-007,S08,634,BASELINE,2026-01-24,50.0,50.0,N,1
EX_042-S08-007_WEEK2,042-S08-007,S08,635,WEEK2,2026-02-10,50.0,50.0,N,2
EX_042-S08-007_WEEK4,042-S08-007,S08,636,WEEK4,2026-02-24,50.0,50.0,N,2
EX_042-S08-007_WEEK6,042-S08-007,S08,637,WEEK6,2026-03-10,50.0,50.0,N,3
EX_042-S08-007_WEEK8,042-S08-007,S08,638,WEEK8,2026-03-24,50.0,50.0,N,3
EX_042-S08-007_WEEK10,042-S08-007,S08,639,WEEK10,2026-04-10,50.0,50.0,N,4
EX_042-S08-007_WEEK12,042-S08-007,S08,640,WEEK12,2026-04-24,50.0,50.0,N,4
EX_042-S09-007_SCREENING,042-S09-007,S09,641,SCREENING,2026-01-10,50.0,50.0,N,1
EX_042-S09-007_BASELINE,042-S09-007,S09,642,BASELINE,2026-01-24,50.0,50.0,N,1
EX_042-S09-007_WEEK2,042-S09-007,S09,643,WEEK2,2026-02-10,50.0,50.0,N,2
EX_042-S09-007_WEEK4,042-S09-007,S09,644,WEEK4,2026-02-24,50.0,50.0,N,2
EX_042-S09-007_WEEK6,042-S09-007,S09,645,WEEK6,2026-03-10,50.0,50.0,N,3
EX_042-S09-007_WEEK8,042-S09-007,S09,646,WEEK8,2026-03-24,50.0,50.0,N,3
EX_042-S09-007_WEEK10,042-S09-007,S09,647,WEEK10,2026-04-10,50.0,50.0,N,4
EX_042-S09-007_WEEK12,042-S09-007,S09,648,WEEK12,2026-04-24,50.0,50.0,N,4
EX_042-S10-007_SCREENING,042-S10-007,S10,649,SCREENING,2026-01-10,50.0,50.0,N,1
EX_042-S10-007_BASELINE,042-S10-007,S10,650,BASELINE,2026-01-24,50.0,50.0,N,1
EX_042-S10-007_WEEK2,042-S10-007,S10,651,WEEK2,2026-02-10,50.0,50.0,N,2
EX_042-S10-007_WEEK4,042-S10-007,S10,652,WEEK4,2026-02-24,50.0,50.0,N,2
EX_042-S10-007_WEEK6,042-S10-007,S10,653,WEEK6,2026-03-10,50.0,50.0,N,3
EX_042-S10-007_WEEK8,042-S10-007,S10,654,WEEK8,2026-03-24,50.0,50.0,N,3
EX_042-S10-007_WEEK10,042-S10-007,S10,655,WEEK10,2026-04-10,50.0,50.0,N,4
EX_042-S10-007_WEEK12,042-S10-007,S10,656,WEEK12,2026-04-24,50.0,50.0,N,4
EX_042-S11-007_SCREENING,042-S11-007,S11,657,SCREENING,2026-01-10,50.0,50.0,N,1
EX_042-S11-007_BASELINE,042-S11-007,S11,658,BASELINE,2026-01-24,50.0,50.0,N,1
EX_042-S11-007_WEEK2,042-S11-007,S11,659,WEEK2,2026-02-10,50.0,50.0,N,2
EX_042-S11-007_WEEK4,042-S11-007,S11,660,WEEK4,2026-02-24,50.0,50.0,N,2
EX_042-S11-007_WEEK6,042-S11-007,S11,661,WEEK6,2026-03-10,50.0,50.0,N,3
EX_042-S11-007_WEEK8,042-S11-007,S11,662,WEEK8,2026-03-24,50.0,50.0,N,3
EX_042-S11-007_WEEK10,042-S11-007,S11,663,WEEK10,2026-04-10,50.0,50.0,N,4
EX_042-S11-007_WEEK12,042-S11-007,S11,664,WEEK12,2026-04-24,50.0,50.0,N,4
EX_042-S12-007_SCREENING,042-S12-007,S12,665,SCREENING,2026-01-10,50.0,50.0,N,1
EX_042-S12-007_BASELINE,042-S12-007,S12,666,BASELINE,2026-01-24,50.0,50.0,N,1
EX_042-S12-007_WEEK2,042-S12-007,S12,667,WEEK2,2026-02-10,50.0,50.0,N,2
EX_042-S12-007_WEEK4,042-S12-007,S12,668,WEEK4,2026-02-24,50.0,50.0,N,2
EX_042-S12-007_WEEK6,042-S12-007,S12,669,WEEK6,2026-03-10,50.0,50.0,N,3
EX_042-S12-007_WEEK8,042-S12-007,S12,670,WEEK8,2026-03-24,50.0,50.0,N,3
EX_042-S12-007_WEEK10,042-S12-007,S12,671,WEEK10,2026-04-10,50.0,50.0,N,4
EX_042-S12-007_WEEK12,042-S12-007,S12,672,WEEK12,2026-04-24,50.0,50.0,N,4
EX_042-S01-008_SCREENING,042-S01-008,S01,673,SCREENING,2026-01-10,50.0,50.0,N,1
EX_042-S01-008_BASELINE,042-S01-008,S01,674,BASELINE,2026-01-24,50.0,50.0,N,1
EX_042-S01-008_WEEK2,042-S01-008,S01,675,WEEK2,2026-02-10,50.0,50.0,N,2
EX_042-S01-008_WEEK4,042-S01-008,S01,676,WEEK4,2026-02-24,50.0,50.0,N,2
EX_042-S01-008_WEEK6,042-S01-008,S01,677,WEEK6,2026-03-10,50.0,50.0,N,3
EX_042-S01-008_WEEK8,042-S01-008,S01,678,WEEK8,2026-03-24,50.0,50.0,N,3
EX_042-S01-008_WEEK10,042-S01-008,S01,679,WEEK10,2026-04-10,50.0,50.0,N,4
EX_042-S01-008_WEEK12,042-S01-008,S01,680,WEEK12,2026-04-24,50.0,50.0,N,4
EX_042-S02-008_SCREENING,042-S02-008,S02,681,SCREENING,2026-01-10,50.0,50.0,N,1
EX_042-S02-008_BASELINE,042-S02-008,S02,682,BASELINE,2026-01-24,50.0,50.0,N,1
EX_042-S02-008_WEEK2,042-S02-008,S02,683,WEEK2,2026-02-10,50.0,50.0,N,2
EX_042-S02-008_WEEK4,042-S02-008,S02,684,WEEK4,2026-02-24,50.0,50.0,N,2
EX_042-S02-008_WEEK6,042-S02-008,S02,685,WEEK6,2026-03-10,50.0,50.0,N,3
EX_042-S02-008_WEEK8,042-S02-008,S02,686,WEEK8,2026-03-24,50.0,50.0,N,3
EX_042-S02-008_WEEK10,042-S02-008,S02,687,WEEK10,2026-04-10,50.0,50.0,N,4
EX_042-S02-008_WEEK12,042-S02-008,S02,688,WEEK12,2026-04-24,50.0,50.0,N,4
EX_042-S03-008_SCREENING,042-S03-008,S03,689,SCREENING,2026-01-10,50.0,50.0,N,1
EX_042-S03-008_BASELINE,042-S03-008,S03,690,BASELINE,2026-01-24,50.0,50.0,N,1
EX_042-S03-008_WEEK2,042-S03-008,S03,691,WEEK2,2026-02-10,50.0,50.0,N,2
EX_042-S03-008_WEEK4,042-S03-008,S03,692,WEEK4,2026-02-24,50.0,50.0,N,2
EX_042-S03-008_WEEK6,042-S03-008,S03,693,WEEK6,2026-03-10,50.0,50.0,N,3
EX_042-S03-008_WEEK8,042-S03-008,S03,694,WEEK8,2026-03-24,50.0,50.0,N,3
EX_042-S03-008_WEEK10,042-S03-008,S03,695,WEEK10,2026-04-10,50.0,50.0,N,4
EX_042-S03-008_WEEK12,042-S03-008,S03,696,WEEK12,2026-04-24,50.0,50.0,N,4
EX_042-S04-008_SCREENING,042-S04-008,S04,697,SCREENING,2026-01-10,50.0,50.0,N,1
EX_042-S04-008_BASELINE,042-S04-008,S04,698,BASELINE,2026-01-24,50.0,50.0,N,1
EX_042-S04-008_WEEK2,042-S04-008,S04,699,WEEK2,2026-02-10,50.0,50.0,N,2
EX_042-S04-008_WEEK4,042-S04-008,S04,700,WEEK4,2026-02-24,50.0,50.0,N,2
EX_042-S04-008_WEEK6,042-S04-008,S04,701,WEEK6,2026-03-10,50.0,50.0,N,3
EX_042-S04-008_WEEK8,042-S04-008,S04,702,WEEK8,2026-03-24,50.0,50.0,N,3
EX_042-S04-008_WEEK10,042-S04-008,S04,703,WEEK10,2026-04-10,50.0,50.0,N,4
EX_042-S04-008_WEEK12,042-S04-008,S04,704,WEEK12,2026-04-24,50.0,50.0,N,4
EX_042-S05-008_SCREENING,042-S05-008,S05,705,SCREENING,2026-01-10,50.0,50.0,N,1
EX_042-S05-008_BASELINE,042-S05-008,S05,706,BASELINE,2026-01-24,50.0,50.0,N,1
EX_042-S05-008_WEEK2,042-S05-008,S05,707,WEEK2,2026-02-10,50.0,50.0,N,2
EX_042-S05-008_WEEK4,042-S05-008,S05,708,WEEK4,2026-02-24,50.0,50.0,N,2
EX_042-S05-008_WEEK6,042-S05-008,S05,709,WEEK6,2026-03-10,50.0,50.0,N,3
EX_042-S05-008_WEEK8,042-S05-008,S05,710,WEEK8,2026-03-24,50.0,50.0,N,3
EX_042-S05-008_WEEK10,042-S05-008,S05,711,WEEK10,2026-04-10,50.0,50.0,N,4
EX_042-S05-008_WEEK12,042-S05-008,S05,712,WEEK12,2026-04-24,50.0,50.0,N,4
EX_042-S06-008_SCREENING,042-S06-008,S06,713,SCREENING,2026-01-10,50.0,50.0,N,1
EX_042-S06-008_BASELINE,042-S06-008,S06,714,BASELINE,2026-01-24,50.0,50.0,N,1
EX_042-S06-008_WEEK2,042-S06-008,S06,715,WEEK2,2026-02-10,50.0,50.0,N,2
EX_042-S06-008_WEEK4,042-S06-008,S06,716,WEEK4,2026-02-24,50.0,50.0,N,2
EX_042-S06-008_WEEK6,042-S06-008,S06,717,WEEK6,2026-03-10,50.0,50.0,N,3
EX_042-S06-008_WEEK8,042-S06-008,S06,718,WEEK8,2026-03-24,50.0,50.0,N,3
EX_042-S06-008_WEEK10,042-S06-008,S06,719,WEEK10,2026-04-10,50.0,50.0,N,4
EX_042-S06-008_WEEK12,042-S06-008,S06,720,WEEK12,2026-04-24,50.0,50.0,N,4
EX_042-S07-008_SCREENING,042-S07-008,S07,721,SCREENING,2026-01-10,50.0,50.0,N,1
EX_042-S07-008_BASELINE,042-S07-008,S07,722,BASELINE,2026-01-24,50.0,50.0,N,1
EX_042-S07-008_WEEK2,042-S07-008,S07,723,WEEK2,2026-02-10,50.0,50.0,N,2
EX_042-S07-008_WEEK4,042-S07-008,S07,724,WEEK4,2026-02-24,50.0,50.0,N,2
EX_042-S07-008_WEEK6,042-S07-008,S07,725,WEEK6,2026-03-10,50.0,50.0,N,3
EX_042-S07-008_WEEK8,042-S07-008,S07,726,WEEK8,2026-03-24,50.0,50.0,N,3
EX_042-S07-008_WEEK10,042-S07-008,S07,727,WEEK10,2026-04-10,50.0,50.0,N,4
EX_042-S07-008_WEEK12,042-S07-008,S07,728,WEEK12,2026-04-24,50.0,50.0,N,4
EX_042-S08-008_SCREENING,042-S08-008,S08,729,SCREENING,2026-01-10,50.0,50.0,N,1
EX_042-S08-008_BASELINE,042-S08-008,S08,730,BASELINE,2026-01-24,50.0,50.0,N,1
EX_042-S08-008_WEEK2,042-S08-008,S08,731,WEEK2,2026-02-10,50.0,50.0,N,2
EX_042-S08-008_WEEK4,042-S08-008,S08,732,WEEK4,2026-02-24,50.0,50.0,N,2
EX_042-S08-008_WEEK6,042-S08-008,S08,733,WEEK6,2026-03-10,50.0,50.0,N,3
EX_042-S08-008_WEEK8,042-S08-008,S08,734,WEEK8,2026-03-24,50.0,50.0,N,3
EX_042-S08-008_WEEK10,042-S08-008,S08,735,WEEK10,2026-04-10,50.0,50.0,N,4
EX_042-S08-008_WEEK12,042-S08-008,S08,736,WEEK12,2026-04-24,50.0,50.0,N,4
EX_042-S09-008_SCREENING,042-S09-008,S09,737,SCREENING,2026-01-10,50.0,50.0,N,1
EX_042-S09-008_BASELINE,042-S09-008,S09,738,BASELINE,2026-01-24,50.0,50.0,N,1
EX_042-S09-008_WEEK2,042-S09-008,S09,739,WEEK2,2026-02-10,50.0,50.0,N,2
EX_042-S09-008_WEEK4,042-S09-008,S09,740,WEEK4,2026-02-24,50.0,50.0,N,2
EX_042-S09-008_WEEK6,042-S09-008,S09,741,WEEK6,2026-03-10,50.0,50.0,N,3
EX_042-S09-008_WEEK8,042-S09-008,S09,742,WEEK8,2026-03-24,50.0,50.0,N,3
EX_042-S09-008_WEEK10,042-S09-008,S09,743,WEEK10,2026-04-10,50.0,50.0,N,4
EX_042-S09-008_WEEK12,042-S09-008,S09,744,WEEK12,2026-04-24,50.0,50.0,N,4
EX_042-S10-008_SCREENING,042-S10-008,S10,745,SCREENING,2026-01-10,50.0,50.0,N,1
EX_042-S10-008_BASELINE,042-S10-008,S10,746,BASELINE,2026-01-24,50.0,50.0,N,1
EX_042-S10-008_WEEK2,042-S10-008,S10,747,WEEK2,2026-02-10,50.0,50.0,N,2
EX_042-S10-008_WEEK4,042-S10-008,S10,748,WEEK4,2026-02-24,50.0,50.0,N,2
EX_042-S10-008_WEEK6,042-S10-008,S10,749,WEEK6,2026-03-10,50.0,50.0,N,3
EX_042-S10-008_WEEK8,042-S10-008,S10,750,WEEK8,2026-03-24,50.0,50.0,N,3
EX_042-S10-008_WEEK10,042-S10-008,S10,751,WEEK10,2026-04-10,50.0,50.0,N,4
EX_042-S10-008_WEEK12,042-S10-008,S10,752,WEEK12,2026-04-24,50.0,50.0,N,4
EX_042-S11-008_SCREENING,042-S11-008,S11,753,SCREENING,2026-01-10,50.0,50.0,N,1
EX_042-S11-008_BASELINE,042-S11-008,S11,754,BASELINE,2026-01-24,50.0,50.0,N,1
EX_042-S11-008_WEEK2,042-S11-008,S11,755,WEEK2,2026-02-10,50.0,50.0,N,2
EX_042-S11-008_WEEK4,042-S11-008,S11,756,WEEK4,2026-02-24,50.0,50.0,N,2
EX_042-S11-008_WEEK6,042-S11-008,S11,757,WEEK6,2026-03-10,50.0,50.0,N,3
EX_042-S11-008_WEEK8,042-S11-008,S11,758,WEEK8,2026-03-24,50.0,50.0,N,3
EX_042-S11-008_WEEK10,042-S11-008,S11,759,WEEK10,2026-04-10,50.0,50.0,N,4
EX_042-S11-008_WEEK12,042-S11-008,S11,760,WEEK12,2026-04-24,50.0,50.0,N,4
EX_042-S12-008_SCREENING,042-S12-008,S12,761,SCREENING,2026-01-10,50.0,50.0,N,1
EX_042-S12-008_BASELINE,042-S12-008,S12,762,BASELINE,2026-01-24,50.0,50.0,N,1
EX_042-S12-008_WEEK2,042-S12-008,S12,763,WEEK2,2026-02-10,50.0,50.0,N,2
EX_042-S12-008_WEEK4,042-S12-008,S12,764,WEEK4,2026-02-24,50.0,50.0,N,2
EX_042-S12-008_WEEK6,042-S12-008,S12,765,WEEK6,2026-03-10,50.0,50.0,N,3
EX_042-S12-008_WEEK8,042-S12-008,S12,766,WEEK8,2026-03-24,50.0,50.0,N,3
EX_042-S12-008_WEEK10,042-S12-008,S12,767,WEEK10,2026-04-10,50.0,50.0,N,4
EX_042-S12-008_WEEK12,042-S12-008,S12,768,WEEK12,2026-04-24,50.0,50.0,N,4
EX_042-S01-009_SCREENING,042-S01-009,S01,769,SCREENING,2026-01-10,50.0,50.0,N,1
EX_042-S01-009_BASELINE,042-S01-009,S01,770,BASELINE,2026-01-24,50.0,50.0,N,1
EX_042-S01-009_WEEK2,042-S01-009,S01,771,WEEK2,2026-02-10,50.0,50.0,N,2
EX_042-S01-009_WEEK4,042-S01-009,S01,772,WEEK4,2026-02-24,50.0,50.0,N,2
EX_042-S01-009_WEEK6,042-S01-009,S01,773,WEEK6,2026-03-10,50.0,50.0,N,3
EX_042-S01-009_WEEK8,042-S01-009,S01,774,WEEK8,2026-03-24,50.0,50.0,N,3
EX_042-S01-009_WEEK10,042-S01-009,S01,775,WEEK10,2026-04-10,50.0,50.0,N,4
EX_042-S01-009_WEEK12,042-S01-009,S01,776,WEEK12,2026-04-24,50.0,50.0,N,4
EX_042-S02-009_SCREENING,042-S02-009,S02,777,SCREENING,2026-01-10,50.0,50.0,N,1
EX_042-S02-009_BASELINE,042-S02-009,S02,778,BASELINE,2026-01-24,50.0,50.0,N,1
EX_042-S02-009_WEEK2,042-S02-009,S02,779,WEEK2,2026-02-10,50.0,50.0,N,2
EX_042-S02-009_WEEK4,042-S02-009,S02,780,WEEK4,2026-02-24,50.0,50.0,N,2
EX_042-S02-009_WEEK6,042-S02-009,S02,781,WEEK6,2026-03-10,50.0,50.0,N,3
EX_042-S02-009_WEEK8,042-S02-009,S02,782,WEEK8,2026-03-24,50.0,50.0,N,3
EX_042-S02-009_WEEK10,042-S02-009,S02,783,WEEK10,2026-04-10,50.0,50.0,N,4
EX_042-S02-009_WEEK12,042-S02-009,S02,784,WEEK12,2026-04-24,50.0,50.0,N,4
EX_042-S03-009_SCREENING,042-S03-009,S03,785,SCREENING,2026-01-10,50.0,50.0,N,1
EX_042-S03-009_BASELINE,042-S03-009,S03,786,BASELINE,2026-01-24,50.0,50.0,N,1
EX_042-S03-009_WEEK2,042-S03-009,S03,787,WEEK2,2026-02-10,50.0,50.0,N,2
EX_042-S03-009_WEEK4,042-S03-009,S03,788,WEEK4,2026-02-24,50.0,50.0,N,2
EX_042-S03-009_WEEK6,042-S03-009,S03,789,WEEK6,2026-03-10,50.0,50.0,N,3
EX_042-S03-009_WEEK8,042-S03-009,S03,790,WEEK8,2026-03-24,50.0,50.0,N,3
EX_042-S03-009_WEEK10,042-S03-009,S03,791,WEEK10,2026-04-10,50.0,50.0,N,4
EX_042-S03-009_WEEK12,042-S03-009,S03,792,WEEK12,2026-04-24,50.0,50.0,N,4
EX_042-S04-009_SCREENING,042-S04-009,S04,793,SCREENING,2026-01-10,50.0,50.0,N,1
EX_042-S04-009_BASELINE,042-S04-009,S04,794,BASELINE,2026-01-24,50.0,50.0,N,1
EX_042-S04-009_WEEK2,042-S04-009,S04,795,WEEK2,2026-02-10,50.0,50.0,N,2
EX_042-S04-009_WEEK4,042-S04-009,S04,796,WEEK4,2026-02-24,50.0,50.0,N,2
EX_042-S04-009_WEEK6,042-S04-009,S04,797,WEEK6,2026-03-10,50.0,50.0,N,3
EX_042-S04-009_WEEK8,042-S04-009,S04,798,WEEK8,2026-03-24,50.0,50.0,N,3
EX_042-S04-009_WEEK10,042-S04-009,S04,799,WEEK10,2026-04-10,50.0,50.0,N,4
EX_042-S04-009_WEEK12,042-S04-009,S04,800,WEEK12,2026-04-24,50.0,50.0,N,4
EX_042-S05-009_SCREENING,042-S05-009,S05,801,SCREENING,2026-01-10,50.0,50.0,N,1
EX_042-S05-009_BASELINE,042-S05-009,S05,802,BASELINE,2026-01-24,50.0,50.0,N,1
EX_042-S05-009_WEEK2,042-S05-009,S05,803,WEEK2,2026-02-10,50.0,50.0,N,2
EX_042-S05-009_WEEK4,042-S05-009,S05,804,WEEK4,2026-02-24,50.0,50.0,N,2
EX_042-S05-009_WEEK6,042-S05-009,S05,805,WEEK6,2026-03-10,50.0,50.0,N,3
EX_042-S05-009_WEEK8,042-S05-009,S05,806,WEEK8,2026-03-24,50.0,50.0,N,3
EX_042-S05-009_WEEK10,042-S05-009,S05,807,WEEK10,2026-04-10,50.0,50.0,N,4
EX_042-S05-009_WEEK12,042-S05-009,S05,808,WEEK12,2026-04-24,50.0,50.0,N,4
EX_042-S06-009_SCREENING,042-S06-009,S06,809,SCREENING,2026-01-10,50.0,50.0,N,1
EX_042-S06-009_BASELINE,042-S06-009,S06,810,BASELINE,2026-01-24,50.0,50.0,N,1
EX_042-S06-009_WEEK2,042-S06-009,S06,811,WEEK2,2026-02-10,50.0,50.0,N,2
EX_042-S06-009_WEEK4,042-S06-009,S06,812,WEEK4,2026-02-24,50.0,50.0,N,2
EX_042-S06-009_WEEK6,042-S06-009,S06,813,WEEK6,2026-03-10,50.0,50.0,N,3
EX_042-S06-009_WEEK8,042-S06-009,S06,814,WEEK8,2026-03-24,50.0,50.0,N,3
EX_042-S06-009_WEEK10,042-S06-009,S06,815,WEEK10,2026-04-10,50.0,50.0,N,4
EX_042-S06-009_WEEK12,042-S06-009,S06,816,WEEK12,2026-04-24,50.0,50.0,N,4
EX_042-S07-009_SCREENING,042-S07-009,S07,817,SCREENING,2026-01-10,50.0,50.0,N,1
EX_042-S07-009_BASELINE,042-S07-009,S07,818,BASELINE,2026-01-24,50.0,50.0,N,1
EX_042-S07-009_WEEK2,042-S07-009,S07,819,WEEK2,2026-02-10,50.0,50.0,N,2
EX_042-S07-009_WEEK4,042-S07-009,S07,820,WEEK4,2026-02-24,50.0,50.0,N,2
EX_042-S07-009_WEEK6,042-S07-009,S07,821,WEEK6,2026-03-10,50.0,50.0,N,3
EX_042-S07-009_WEEK8,042-S07-009,S07,822,WEEK8,2026-03-24,50.0,50.0,N,3
EX_042-S07-009_WEEK10,042-S07-009,S07,823,WEEK10,2026-04-10,50.0,50.0,N,4
EX_042-S07-009_WEEK12,042-S07-009,S07,824,WEEK12,2026-04-24,50.0,50.0,N,4
EX_042-S08-009_SCREENING,042-S08-009,S08,825,SCREENING,2026-01-10,50.0,50.0,N,1
EX_042-S08-009_BASELINE,042-S08-009,S08,826,BASELINE,2026-01-24,50.0,50.0,N,1
EX_042-S08-009_WEEK2,042-S08-009,S08,827,WEEK2,2026-02-10,50.0,50.0,N,2
EX_042-S08-009_WEEK4,042-S08-009,S08,828,WEEK4,2026-02-24,50.0,50.0,N,2
EX_042-S08-009_WEEK6,042-S08-009,S08,829,WEEK6,2026-03-10,50.0,50.0,N,3
EX_042-S08-009_WEEK8,042-S08-009,S08,830,WEEK8,2026-03-24,50.0,50.0,N,3
EX_042-S08-009_WEEK10,042-S08-009,S08,831,WEEK10,2026-04-10,50.0,50.0,N,4
EX_042-S08-009_WEEK12,042-S08-009,S08,832,WEEK12,2026-04-24,50.0,50.0,N,4
EX_042-S09-009_SCREENING,042-S09-009,S09,833,SCREENING,2026-01-10,50.0,50.0,N,1
EX_042-S09-009_BASELINE,042-S09-009,S09,834,BASELINE,2026-01-24,50.0,50.0,N,1
EX_042-S09-009_WEEK2,042-S09-009,S09,835,WEEK2,2026-02-10,50.0,50.0,N,2
EX_042-S09-009_WEEK4,042-S09-009,S09,836,WEEK4,2026-02-24,50.0,50.0,N,2
EX_042-S09-009_WEEK6,042-S09-009,S09,837,WEEK6,2026-03-10,50.0,50.0,N,3
EX_042-S09-009_WEEK8,042-S09-009,S09,838,WEEK8,2026-03-24,50.0,50.0,N,3
EX_042-S09-009_WEEK10,042-S09-009,S09,839,WEEK10,2026-04-10,50.0,50.0,N,4
EX_042-S09-009_WEEK12,042-S09-009,S09,840,WEEK12,2026-04-24,50.0,50.0,N,4
EX_042-S10-009_SCREENING,042-S10-009,S10,841,SCREENING,2026-01-10,50.0,50.0,N,1
EX_042-S10-009_BASELINE,042-S10-009,S10,842,BASELINE,2026-01-24,50.0,50.0,N,1
EX_042-S10-009_WEEK2,042-S10-009,S10,843,WEEK2,2026-02-10,50.0,50.0,N,2
EX_042-S10-009_WEEK4,042-S10-009,S10,844,WEEK4,2026-02-24,50.0,50.0,N,2
EX_042-S10-009_WEEK6,042-S10-009,S10,845,WEEK6,2026-03-10,50.0,50.0,N,3
EX_042-S10-009_WEEK8,042-S10-009,S10,846,WEEK8,2026-03-24,50.0,50.0,N,3
EX_042-S10-009_WEEK10,042-S10-009,S10,847,WEEK10,2026-04-10,50.0,50.0,N,4
EX_042-S10-009_WEEK12,042-S10-009,S10,848,WEEK12,2026-04-24,50.0,50.0,N,4
EX_042-S11-009_SCREENING,042-S11-009,S11,849,SCREENING,2026-01-10,50.0,50.0,N,1
EX_042-S11-009_BASELINE,042-S11-009,S11,850,BASELINE,2026-01-24,50.0,50.0,N,1
EX_042-S11-009_WEEK2,042-S11-009,S11,851,WEEK2,2026-02-10,50.0,50.0,N,2
EX_042-S11-009_WEEK4,042-S11-009,S11,852,WEEK4,2026-02-24,50.0,50.0,N,2
EX_042-S11-009_WEEK6,042-S11-009,S11,853,WEEK6,2026-03-10,50.0,50.0,N,3
EX_042-S11-009_WEEK8,042-S11-009,S11,854,WEEK8,2026-03-24,50.0,50.0,N,3
EX_042-S11-009_WEEK10,042-S11-009,S11,855,WEEK10,2026-04-10,50.0,50.0,N,4
EX_042-S11-009_WEEK12,042-S11-009,S11,856,WEEK12,2026-04-24,50.0,50.0,N,4
EX_042-S12-009_SCREENING,042-S12-009,S12,857,SCREENING,2026-01-10,50.0,50.0,N,1
EX_042-S12-009_BASELINE,042-S12-009,S12,858,BASELINE,2026-01-24,50.0,50.0,N,1
EX_042-S12-009_WEEK2,042-S12-009,S12,859,WEEK2,2026-02-10,50.0,50.0,N,2
EX_042-S12-009_WEEK4,042-S12-009,S12,860,WEEK4,2026-02-24,50.0,50.0,N,2
EX_042-S12-009_WEEK6,042-S12-009,S12,861,WEEK6,2026-03-10,50.0,50.0,N,3
EX_042-S12-009_WEEK8,042-S12-009,S12,862,WEEK8,2026-03-24,50.0,50.0,N,3
EX_042-S12-009_WEEK10,042-S12-009,S12,863,WEEK10,2026-04-10,50.0,50.0,N,4
EX_042-S12-009_WEEK12,042-S12-009,S12,864,WEEK12,2026-04-24,50.0,50.0,N,4
EX_042-S01-010_SCREENING,042-S01-010,S01,865,SCREENING,2026-01-10,50.0,50.0,N,1
EX_042-S01-010_BASELINE,042-S01-010,S01,866,BASELINE,2026-01-24,50.0,50.0,N,1
EX_042-S01-010_WEEK2,042-S01-010,S01,867,WEEK2,2026-02-10,50.0,50.0,N,2
EX_042-S01-010_WEEK4,042-S01-010,S01,868,WEEK4,2026-02-24,50.0,50.0,N,2
EX_042-S01-010_WEEK6,042-S01-010,S01,869,WEEK6,2026-03-10,50.0,50.0,N,3
EX_042-S01-010_WEEK8,042-S01-010,S01,870,WEEK8,2026-03-24,50.0,50.0,N,3
EX_042-S01-010_WEEK10,042-S01-010,S01,871,WEEK10,2026-04-10,50.0,50.0,N,4
EX_042-S01-010_WEEK12,042-S01-010,S01,872,WEEK12,2026-04-24,50.0,50.0,N,4
EX_042-S02-010_SCREENING,042-S02-010,S02,873,SCREENING,2026-01-10,50.0,50.0,N,1
EX_042-S02-010_BASELINE,042-S02-010,S02,874,BASELINE,2026-01-24,50.0,50.0,N,1
EX_042-S02-010_WEEK2,042-S02-010,S02,875,WEEK2,2026-02-10,50.0,50.0,N,2
EX_042-S02-010_WEEK4,042-S02-010,S02,876,WEEK4,2026-02-24,50.0,50.0,N,2
EX_042-S02-010_WEEK6,042-S02-010,S02,877,WEEK6,2026-03-10,50.0,50.0,N,3
EX_042-S02-010_WEEK8,042-S02-010,S02,878,WEEK8,2026-03-24,50.0,50.0,N,3
EX_042-S02-010_WEEK10,042-S02-010,S02,879,WEEK10,2026-04-10,50.0,50.0,N,4
EX_042-S02-010_WEEK12,042-S02-010,S02,880,WEEK12,2026-04-24,50.0,50.0,N,4
EX_042-S03-010_SCREENING,042-S03-010,S03,881,SCREENING,2026-01-10,50.0,50.0,N,1
EX_042-S03-010_BASELINE,042-S03-010,S03,882,BASELINE,2026-01-24,50.0,50.0,N,1
EX_042-S03-010_WEEK2,042-S03-010,S03,883,WEEK2,2026-02-10,50.0,50.0,N,2
EX_042-S03-010_WEEK4,042-S03-010,S03,884,WEEK4,2026-02-24,50.0,50.0,N,2
EX_042-S03-010_WEEK6,042-S03-010,S03,885,WEEK6,2026-03-10,50.0,50.0,N,3
EX_042-S03-010_WEEK8,042-S03-010,S03,886,WEEK8,2026-03-24,50.0,50.0,N,3
EX_042-S03-010_WEEK10,042-S03-010,S03,887,WEEK10,2026-04-10,50.0,50.0,N,4
EX_042-S03-010_WEEK12,042-S03-010,S03,888,WEEK12,2026-04-24,50.0,50.0,N,4
EX_042-S04-010_SCREENING,042-S04-010,S04,889,SCREENING,2026-01-10,50.0,50.0,N,1
EX_042-S04-010_BASELINE,042-S04-010,S04,890,BASELINE,2026-01-24,50.0,50.0,N,1
EX_042-S04-010_WEEK2,042-S04-010,S04,891,WEEK2,2026-02-10,50.0,50.0,N,2
EX_042-S04-010_WEEK4,042-S04-010,S04,892,WEEK4,2026-02-24,50.0,50.0,N,2
EX_042-S04-010_WEEK6,042-S04-010,S04,893,WEEK6,2026-03-10,50.0,50.0,N,3
EX_042-S04-010_WEEK8,042-S04-010,S04,894,WEEK8,2026-03-24,50.0,50.0,N,3
EX_042-S04-010_WEEK10,042-S04-010,S04,895,WEEK10,2026-04-10,50.0,50.0,N,4
EX_042-S04-010_WEEK12,042-S04-010,S04,896,WEEK12,2026-04-24,50.0,50.0,N,4
EX_042-S05-010_SCREENING,042-S05-010,S05,897,SCREENING,2026-01-10,50.0,50.0,N,1
EX_042-S05-010_BASELINE,042-S05-010,S05,898,BASELINE,2026-01-24,50.0,50.0,N,1
EX_042-S05-010_WEEK2,042-S05-010,S05,899,WEEK2,2026-02-10,50.0,50.0,N,2
EX_042-S05-010_WEEK4,042-S05-010,S05,900,WEEK4,2026-02-24,50.0,50.0,N,2
EX_042-S05-010_WEEK6,042-S05-010,S05,901,WEEK6,2026-03-10,50.0,50.0,N,3
EX_042-S05-010_WEEK8,042-S05-010,S05,902,WEEK8,2026-03-24,50.0,50.0,N,3
EX_042-S05-010_WEEK10,042-S05-010,S05,903,WEEK10,2026-04-10,50.0,50.0,N,4
EX_042-S05-010_WEEK12,042-S05-010,S05,904,WEEK12,2026-04-24,50.0,50.0,N,4
EX_042-S06-010_SCREENING,042-S06-010,S06,905,SCREENING,2026-01-10,50.0,50.0,N,1
EX_042-S06-010_BASELINE,042-S06-010,S06,906,BASELINE,2026-01-24,50.0,50.0,N,1
EX_042-S06-010_WEEK2,042-S06-010,S06,907,WEEK2,2026-02-10,50.0,50.0,N,2
EX_042-S06-010_WEEK4,042-S06-010,S06,908,WEEK4,2026-02-24,50.0,50.0,N,2
EX_042-S06-010_WEEK6,042-S06-010,S06,909,WEEK6,2026-03-10,50.0,50.0,N,3
EX_042-S06-010_WEEK8,042-S06-010,S06,910,WEEK8,2026-03-24,50.0,50.0,N,3
EX_042-S06-010_WEEK10,042-S06-010,S06,911,WEEK10,2026-04-10,50.0,50.0,N,4
EX_042-S06-010_WEEK12,042-S06-010,S06,912,WEEK12,2026-04-24,50.0,50.0,N,4
EX_042-S07-010_SCREENING,042-S07-010,S07,913,SCREENING,2026-01-10,50.0,50.0,N,1
EX_042-S07-010_BASELINE,042-S07-010,S07,914,BASELINE,2026-01-24,50.0,50.0,N,1
EX_042-S07-010_WEEK2,042-S07-010,S07,915,WEEK2,2026-02-10,50.0,50.0,N,2
EX_042-S07-010_WEEK4,042-S07-010,S07,916,WEEK4,2026-02-24,50.0,50.0,N,2
EX_042-S07-010_WEEK6,042-S07-010,S07,917,WEEK6,2026-03-10,50.0,50.0,N,3
EX_042-S07-010_WEEK8,042-S07-010,S07,918,WEEK8,2026-03-24,50.0,50.0,N,3
EX_042-S07-010_WEEK10,042-S07-010,S07,919,WEEK10,2026-04-10,50.0,50.0,N,4
EX_042-S07-010_WEEK12,042-S07-010,S07,920,WEEK12,2026-04-24,50.0,50.0,N,4
EX_042-S08-010_SCREENING,042-S08-010,S08,921,SCREENING,2026-01-10,50.0,50.0,N,1
EX_042-S08-010_BASELINE,042-S08-010,S08,922,BASELINE,2026-01-24,50.0,50.0,N,1
EX_042-S08-010_WEEK2,042-S08-010,S08,923,WEEK2,2026-02-10,50.0,50.0,N,2
EX_042-S08-010_WEEK4,042-S08-010,S08,924,WEEK4,2026-02-24,50.0,50.0,N,2
EX_042-S08-010_WEEK6,042-S08-010,S08,925,WEEK6,2026-03-10,50.0,50.0,N,3
EX_042-S08-010_WEEK8,042-S08-010,S08,926,WEEK8,2026-03-24,50.0,50.0,N,3
EX_042-S08-010_WEEK10,042-S08-010,S08,927,WEEK10,2026-04-10,50.0,50.0,N,4
EX_042-S08-010_WEEK12,042-S08-010,S08,928,WEEK12,2026-04-24,50.0,50.0,N,4
EX_042-S09-010_SCREENING,042-S09-010,S09,929,SCREENING,2026-01-10,50.0,50.0,N,1
EX_042-S09-010_BASELINE,042-S09-010,S09,930,BASELINE,2026-01-24,50.0,50.0,N,1
EX_042-S09-010_WEEK2,042-S09-010,S09,931,WEEK2,2026-02-10,50.0,50.0,N,2
EX_042-S09-010_WEEK4,042-S09-010,S09,932,WEEK4,2026-02-24,50.0,50.0,N,2
EX_042-S09-010_WEEK6,042-S09-010,S09,933,WEEK6,2026-03-10,50.0,50.0,N,3
EX_042-S09-010_WEEK8,042-S09-010,S09,934,WEEK8,2026-03-24,50.0,50.0,N,3
EX_042-S09-010_WEEK10,042-S09-010,S09,935,WEEK10,2026-04-10,50.0,50.0,N,4
EX_042-S09-010_WEEK12,042-S09-010,S09,936,WEEK12,2026-04-24,50.0,50.0,N,4
EX_042-S10-010_SCREENING,042-S10-010,S10,937,SCREENING,2026-01-10,50.0,50.0,N,1
EX_042-S10-010_BASELINE,042-S10-010,S10,938,BASELINE,2026-01-24,50.0,50.0,N,1
EX_042-S10-010_WEEK2,042-S10-010,S10,939,WEEK2,2026-02-10,50.0,50.0,N,2
EX_042-S10-010_WEEK4,042-S10-010,S10,940,WEEK4,2026-02-24,50.0,50.0,N,2
EX_042-S10-010_WEEK6,042-S10-010,S10,941,WEEK6,2026-03-10,50.0,50.0,N,3
EX_042-S10-010_WEEK8,042-S10-010,S10,942,WEEK8,2026-03-24,50.0,50.0,N,3
EX_042-S10-010_WEEK10,042-S10-010,S10,943,WEEK10,2026-04-10,50.0,50.0,N,4
EX_042-S10-010_WEEK12,042-S10-010,S10,944,WEEK12,2026-04-24,50.0,50.0,N,4
EX_042-S11-010_SCREENING,042-S11-010,S11,945,SCREENING,2026-01-10,50.0,50.0,N,1
EX_042-S11-010_BASELINE,042-S11-010,S11,946,BASELINE,2026-01-24,50.0,50.0,N,1
EX_042-S11-010_WEEK2,042-S11-010,S11,947,WEEK2,2026-02-10,50.0,50.0,N,2
EX_042-S11-010_WEEK4,042-S11-010,S11,948,WEEK4,2026-02-24,50.0,50.0,N,2
EX_042-S11-010_WEEK6,042-S11-010,S11,949,WEEK6,2026-03-10,50.0,50.0,N,3
EX_042-S11-010_WEEK8,042-S11-010,S11,950,WEEK8,2026-03-24,50.0,50.0,N,3
EX_042-S11-010_WEEK10,042-S11-010,S11,951,WEEK10,2026-04-10,50.0,50.0,N,4
EX_042-S11-010_WEEK12,042-S11-010,S11,952,WEEK12,2026-04-24,50.0,50.0,N,4
EX_042-S12-010_SCREENING,042-S12-010,S12,953,SCREENING,2026-01-10,50.0,50.0,N,1
EX_042-S12-010_BASELINE,042-S12-010,S12,954,BASELINE,2026-01-24,50.0,50.0,N,1
EX_042-S12-010_WEEK2,042-S12-010,S12,955,WEEK2,2026-02-10,50.0,50.0,N,2
EX_042-S12-010_WEEK4,042-S12-010,S12,956,WEEK4,2026-02-24,50.0,50.0,N,2
EX_042-S12-010_WEEK6,042-S12-010,S12,957,WEEK6,2026-03-10,50.0,50.0,N,3
EX_042-S12-010_WEEK8,042-S12-010,S12,958,WEEK8,2026-03-24,50.0,50.0,N,3
EX_042-S12-010_WEEK10,042-S12-010,S12,959,WEEK10,2026-04-10,50.0,50.0,N,4
EX_042-S12-010_WEEK12,042-S12-010,S12,960,WEEK12,2026-04-24,50.0,50.0,N,4
EX_042-S01-011_SCREENING,042-S01-011,S01,961,SCREENING,2026-01-10,50.0,50.0,N,2
EX_042-S01-011_BASELINE,042-S01-011,S01,962,BASELINE,2026-01-24,50.0,50.0,N,2
EX_042-S01-011_WEEK2,042-S01-011,S01,963,WEEK2,2026-02-10,50.0,50.0,N,2
EX_042-S01-011_WEEK4,042-S01-011,S01,964,WEEK4,2026-02-24,50.0,50.0,N,2
EX_042-S01-011_WEEK6,042-S01-011,S01,965,WEEK6,2026-03-10,50.0,50.0,N,3
EX_042-S01-011_WEEK8,042-S01-011,S01,966,WEEK8,2026-03-24,50.0,50.0,N,3
EX_042-S01-011_WEEK10,042-S01-011,S01,967,WEEK10,2026-04-10,50.0,50.0,N,4
EX_042-S01-011_WEEK12,042-S01-011,S01,968,WEEK12,2026-04-24,50.0,50.0,N,4
EX_042-S02-011_SCREENING,042-S02-011,S02,969,SCREENING,2026-01-10,50.0,50.0,N,2
EX_042-S02-011_BASELINE,042-S02-011,S02,970,BASELINE,2026-01-24,50.0,50.0,N,2
EX_042-S02-011_WEEK2,042-S02-011,S02,971,WEEK2,2026-02-10,50.0,50.0,N,2
EX_042-S02-011_WEEK4,042-S02-011,S02,972,WEEK4,2026-02-24,50.0,50.0,N,2
EX_042-S02-011_WEEK6,042-S02-011,S02,973,WEEK6,2026-03-10,50.0,50.0,N,3
EX_042-S02-011_WEEK8,042-S02-011,S02,974,WEEK8,2026-03-24,50.0,50.0,N,3
EX_042-S02-011_WEEK10,042-S02-011,S02,975,WEEK10,2026-04-10,50.0,50.0,N,4
EX_042-S02-011_WEEK12,042-S02-011,S02,976,WEEK12,2026-04-24,50.0,50.0,N,4
EX_042-S03-011_SCREENING,042-S03-011,S03,977,SCREENING,2026-01-10,50.0,50.0,N,2
EX_042-S03-011_BASELINE,042-S03-011,S03,978,BASELINE,2026-01-24,50.0,50.0,N,2
EX_042-S03-011_WEEK2,042-S03-011,S03,979,WEEK2,2026-02-10,50.0,50.0,N,2
EX_042-S03-011_WEEK4,042-S03-011,S03,980,WEEK4,2026-02-24,50.0,50.0,N,2
EX_042-S03-011_WEEK6,042-S03-011,S03,981,WEEK6,2026-03-10,50.0,50.0,N,3
EX_042-S03-011_WEEK8,042-S03-011,S03,982,WEEK8,2026-03-24,50.0,50.0,N,3
EX_042-S03-011_WEEK10,042-S03-011,S03,983,WEEK10,2026-04-10,50.0,50.0,N,4
EX_042-S03-011_WEEK12,042-S03-011,S03,984,WEEK12,2026-04-24,50.0,50.0,N,4
EX_042-S04-011_SCREENING,042-S04-011,S04,985,SCREENING,2026-01-10,50.0,50.0,N,2
EX_042-S04-011_BASELINE,042-S04-011,S04,986,BASELINE,2026-01-24,50.0,50.0,N,2
EX_042-S04-011_WEEK2,042-S04-011,S04,987,WEEK2,2026-02-10,50.0,50.0,N,2
EX_042-S04-011_WEEK4,042-S04-011,S04,988,WEEK4,2026-02-24,50.0,50.0,N,2
EX_042-S04-011_WEEK6,042-S04-011,S04,989,WEEK6,2026-03-10,50.0,50.0,N,3
EX_042-S04-011_WEEK8,042-S04-011,S04,990,WEEK8,2026-03-24,50.0,50.0,N,3
EX_042-S04-011_WEEK10,042-S04-011,S04,991,WEEK10,2026-04-10,50.0,50.0,N,4
EX_042-S04-011_WEEK12,042-S04-011,S04,992,WEEK12,2026-04-24,50.0,50.0,N,4
EX_042-S05-011_SCREENING,042-S05-011,S05,993,SCREENING,2026-01-10,50.0,50.0,N,2
EX_042-S05-011_BASELINE,042-S05-011,S05,994,BASELINE,2026-01-24,50.0,50.0,N,2
EX_042-S05-011_WEEK2,042-S05-011,S05,995,WEEK2,2026-02-10,50.0,50.0,N,2
EX_042-S05-011_WEEK4,042-S05-011,S05,996,WEEK4,2026-02-24,50.0,50.0,N,2
EX_042-S05-011_WEEK6,042-S05-011,S05,997,WEEK6,2026-03-10,50.0,50.0,N,3
EX_042-S05-011_WEEK8,042-S05-011,S05,998,WEEK8,2026-03-24,50.0,50.0,N,3
EX_042-S05-011_WEEK10,042-S05-011,S05,999,WEEK10,2026-04-10,50.0,50.0,N,4
EX_042-S05-011_WEEK12,042-S05-011,S05,1000,WEEK12,2026-04-24,50.0,50.0,N,4
EX_042-S06-011_SCREENING,042-S06-011,S06,1001,SCREENING,2026-01-10,50.0,50.0,N,2
EX_042-S06-011_BASELINE,042-S06-011,S06,1002,BASELINE,2026-01-24,50.0,50.0,N,2
EX_042-S06-011_WEEK2,042-S06-011,S06,1003,WEEK2,2026-02-10,50.0,50.0,N,2
EX_042-S06-011_WEEK4,042-S06-011,S06,1004,WEEK4,2026-02-24,50.0,50.0,N,2
EX_042-S06-011_WEEK6,042-S06-011,S06,1005,WEEK6,2026-03-10,50.0,50.0,N,3
EX_042-S06-011_WEEK8,042-S06-011,S06,1006,WEEK8,2026-03-24,50.0,50.0,N,3
EX_042-S06-011_WEEK10,042-S06-011,S06,1007,WEEK10,2026-04-10,50.0,50.0,N,4
EX_042-S06-011_WEEK12,042-S06-011,S06,1008,WEEK12,2026-04-24,50.0,50.0,N,4
EX_042-S07-011_SCREENING,042-S07-011,S07,1009,SCREENING,2026-01-10,50.0,50.0,N,2
EX_042-S07-011_BASELINE,042-S07-011,S07,1010,BASELINE,2026-01-24,50.0,50.0,N,2
EX_042-S07-011_WEEK2,042-S07-011,S07,1011,WEEK2,2026-02-10,50.0,50.0,N,2
EX_042-S07-011_WEEK4,042-S07-011,S07,1012,WEEK4,2026-02-24,50.0,50.0,N,2
EX_042-S07-011_WEEK6,042-S07-011,S07,1013,WEEK6,2026-03-10,50.0,50.0,N,3
EX_042-S07-011_WEEK8,042-S07-011,S07,1014,WEEK8,2026-03-24,50.0,50.0,N,3
EX_042-S07-011_WEEK10,042-S07-011,S07,1015,WEEK10,2026-04-10,50.0,50.0,N,4
EX_042-S07-011_WEEK12,042-S07-011,S07,1016,WEEK12,2026-04-24,50.0,50.0,N,4
EX_042-S08-011_SCREENING,042-S08-011,S08,1017,SCREENING,2026-01-10,50.0,50.0,N,2
EX_042-S08-011_BASELINE,042-S08-011,S08,1018,BASELINE,2026-01-24,50.0,50.0,N,2
EX_042-S08-011_WEEK2,042-S08-011,S08,1019,WEEK2,2026-02-10,50.0,50.0,N,2
EX_042-S08-011_WEEK4,042-S08-011,S08,1020,WEEK4,2026-02-24,50.0,50.0,N,2
EX_042-S08-011_WEEK6,042-S08-011,S08,1021,WEEK6,2026-03-10,50.0,50.0,N,3
EX_042-S08-011_WEEK8,042-S08-011,S08,1022,WEEK8,2026-03-24,50.0,50.0,N,3
EX_042-S08-011_WEEK10,042-S08-011,S08,1023,WEEK10,2026-04-10,50.0,50.0,N,4
EX_042-S08-011_WEEK12,042-S08-011,S08,1024,WEEK12,2026-04-24,50.0,50.0,N,4
EX_042-S09-011_SCREENING,042-S09-011,S09,1025,SCREENING,2026-01-10,50.0,50.0,N,2
EX_042-S09-011_BASELINE,042-S09-011,S09,1026,BASELINE,2026-01-24,50.0,50.0,N,2
EX_042-S09-011_WEEK2,042-S09-011,S09,1027,WEEK2,2026-02-10,50.0,50.0,N,2
EX_042-S09-011_WEEK4,042-S09-011,S09,1028,WEEK4,2026-02-24,50.0,50.0,N,2
EX_042-S09-011_WEEK6,042-S09-011,S09,1029,WEEK6,2026-03-10,50.0,50.0,N,3
EX_042-S09-011_WEEK8,042-S09-011,S09,1030,WEEK8,2026-03-24,50.0,50.0,N,3
EX_042-S09-011_WEEK10,042-S09-011,S09,1031,WEEK10,2026-04-10,50.0,50.0,N,4
EX_042-S09-011_WEEK12,042-S09-011,S09,1032,WEEK12,2026-04-24,50.0,50.0,N,4
EX_042-S10-011_SCREENING,042-S10-011,S10,1033,SCREENING,2026-01-10,50.0,50.0,N,2
EX_042-S10-011_BASELINE,042-S10-011,S10,1034,BASELINE,2026-01-24,50.0,50.0,N,2
EX_042-S10-011_WEEK2,042-S10-011,S10,1035,WEEK2,2026-02-10,50.0,50.0,N,2
EX_042-S10-011_WEEK4,042-S10-011,S10,1036,WEEK4,2026-02-24,50.0,50.0,N,2
EX_042-S10-011_WEEK6,042-S10-011,S10,1037,WEEK6,2026-03-10,50.0,50.0,N,3
EX_042-S10-011_WEEK8,042-S10-011,S10,1038,WEEK8,2026-03-24,50.0,50.0,N,3
EX_042-S10-011_WEEK10,042-S10-011,S10,1039,WEEK10,2026-04-10,50.0,50.0,N,4
EX_042-S10-011_WEEK12,042-S10-011,S10,1040,WEEK12,2026-04-24,50.0,50.0,N,4
EX_042-S11-011_SCREENING,042-S11-011,S11,1041,SCREENING,2026-01-10,50.0,50.0,N,2
EX_042-S11-011_BASELINE,042-S11-011,S11,1042,BASELINE,2026-01-24,50.0,50.0,N,2
EX_042-S11-011_WEEK2,042-S11-011,S11,1043,WEEK2,2026-02-10,50.0,50.0,N,2
EX_042-S11-011_WEEK4,042-S11-011,S11,1044,WEEK4,2026-02-24,50.0,50.0,N,2
EX_042-S11-011_WEEK6,042-S11-011,S11,1045,WEEK6,2026-03-10,50.0,50.0,N,3
EX_042-S11-011_WEEK8,042-S11-011,S11,1046,WEEK8,2026-03-24,50.0,50.0,N,3
EX_042-S11-011_WEEK10,042-S11-011,S11,1047,WEEK10,2026-04-10,50.0,50.0,N,4
EX_042-S11-011_WEEK12,042-S11-011,S11,1048,WEEK12,2026-04-24,50.0,50.0,N,4
EX_042-S12-011_SCREENING,042-S12-011,S12,1049,SCREENING,2026-01-10,50.0,50.0,N,2
EX_042-S12-011_BASELINE,042-S12-011,S12,1050,BASELINE,2026-01-24,50.0,50.0,N,2
EX_042-S12-011_WEEK2,042-S12-011,S12,1051,WEEK2,2026-02-10,50.0,50.0,N,2
EX_042-S12-011_WEEK4,042-S12-011,S12,1052,WEEK4,2026-02-24,50.0,50.0,N,2
EX_042-S12-011_WEEK6,042-S12-011,S12,1053,WEEK6,2026-03-10,50.0,50.0,N,3
EX_042-S12-011_WEEK8,042-S12-011,S12,1054,WEEK8,2026-03-24,50.0,50.0,N,3
EX_042-S12-011_WEEK10,042-S12-011,S12,1055,WEEK10,2026-04-10,50.0,50.0,N,4
EX_042-S12-011_WEEK12,042-S12-011,S12,1056,WEEK12,2026-04-24,50.0,50.0,N,4
EX_042-S01-012_SCREENING,042-S01-012,S01,1057,SCREENING,2026-01-10,50.0,50.0,N,2
EX_042-S01-012_BASELINE,042-S01-012,S01,1058,BASELINE,2026-01-24,50.0,50.0,N,2
EX_042-S01-012_WEEK2,042-S01-012,S01,1059,WEEK2,2026-02-10,50.0,50.0,N,2
EX_042-S01-012_WEEK4,042-S01-012,S01,1060,WEEK4,2026-02-24,50.0,50.0,N,2
EX_042-S01-012_WEEK6,042-S01-012,S01,1061,WEEK6,2026-03-10,50.0,50.0,N,3
EX_042-S01-012_WEEK8,042-S01-012,S01,1062,WEEK8,2026-03-24,50.0,50.0,N,3
EX_042-S01-012_WEEK10,042-S01-012,S01,1063,WEEK10,2026-04-10,50.0,50.0,N,4
EX_042-S01-012_WEEK12,042-S01-012,S01,1064,WEEK12,2026-04-24,50.0,50.0,N,4
EX_042-S02-012_SCREENING,042-S02-012,S02,1065,SCREENING,2026-01-10,50.0,50.0,N,2
EX_042-S02-012_BASELINE,042-S02-012,S02,1066,BASELINE,2026-01-24,50.0,50.0,N,2
EX_042-S02-012_WEEK2,042-S02-012,S02,1067,WEEK2,2026-02-10,50.0,50.0,N,2
EX_042-S02-012_WEEK4,042-S02-012,S02,1068,WEEK4,2026-02-24,50.0,50.0,N,2
EX_042-S02-012_WEEK6,042-S02-012,S02,1069,WEEK6,2026-03-10,50.0,50.0,N,3
EX_042-S02-012_WEEK8,042-S02-012,S02,1070,WEEK8,2026-03-24,50.0,50.0,N,3
EX_042-S02-012_WEEK10,042-S02-012,S02,1071,WEEK10,2026-04-10,50.0,50.0,N,4
EX_042-S02-012_WEEK12,042-S02-012,S02,1072,WEEK12,2026-04-24,50.0,50.0,N,4
EX_042-S03-012_SCREENING,042-S03-012,S03,1073,SCREENING,2026-01-10,50.0,50.0,N,2
EX_042-S03-012_BASELINE,042-S03-012,S03,1074,BASELINE,2026-01-24,50.0,50.0,N,2
EX_042-S03-012_WEEK2,042-S03-012,S03,1075,WEEK2,2026-02-10,50.0,50.0,N,2
EX_042-S03-012_WEEK4,042-S03-012,S03,1076,WEEK4,2026-02-24,50.0,50.0,N,2
EX_042-S03-012_WEEK6,042-S03-012,S03,1077,WEEK6,2026-03-10,50.0,50.0,N,3
EX_042-S03-012_WEEK8,042-S03-012,S03,1078,WEEK8,2026-03-24,50.0,50.0,N,3
EX_042-S03-012_WEEK10,042-S03-012,S03,1079,WEEK10,2026-04-10,50.0,50.0,N,4
EX_042-S03-012_WEEK12,042-S03-012,S03,1080,WEEK12,2026-04-24,50.0,50.0,N,4
EX_042-S04-012_SCREENING,042-S04-012,S04,1081,SCREENING,2026-01-10,50.0,50.0,N,2
EX_042-S04-012_BASELINE,042-S04-012,S04,1082,BASELINE,2026-01-24,50.0,50.0,N,2
EX_042-S04-012_WEEK2,042-S04-012,S04,1083,WEEK2,2026-02-10,50.0,50.0,N,2
EX_042-S04-012_WEEK4,042-S04-012,S04,1084,WEEK4,2026-02-24,50.0,50.0,N,2
EX_042-S04-012_WEEK6,042-S04-012,S04,1085,WEEK6,2026-03-10,50.0,50.0,N,3
EX_042-S04-012_WEEK8,042-S04-012,S04,1086,WEEK8,2026-03-24,50.0,50.0,N,3
EX_042-S04-012_WEEK10,042-S04-012,S04,1087,WEEK10,2026-04-10,50.0,50.0,N,4
EX_042-S04-012_WEEK12,042-S04-012,S04,1088,WEEK12,2026-04-24,50.0,50.0,N,4
EX_042-S05-012_SCREENING,042-S05-012,S05,1089,SCREENING,2026-01-10,50.0,50.0,N,2
EX_042-S05-012_BASELINE,042-S05-012,S05,1090,BASELINE,2026-01-24,50.0,50.0,N,2
EX_042-S05-012_WEEK2,042-S05-012,S05,1091,WEEK2,2026-02-10,50.0,50.0,N,2
EX_042-S05-012_WEEK4,042-S05-012,S05,1092,WEEK4,2026-02-24,50.0,50.0,N,2
EX_042-S05-012_WEEK6,042-S05-012,S05,1093,WEEK6,2026-03-10,50.0,50.0,N,3
EX_042-S05-012_WEEK8,042-S05-012,S05,1094,WEEK8,2026-03-24,50.0,50.0,N,3
EX_042-S05-012_WEEK10,042-S05-012,S05,1095,WEEK10,2026-04-10,50.0,50.0,N,4
EX_042-S05-012_WEEK12,042-S05-012,S05,1096,WEEK12,2026-04-24,50.0,50.0,N,4
EX_042-S06-012_SCREENING,042-S06-012,S06,1097,SCREENING,2026-01-10,50.0,50.0,N,2
EX_042-S06-012_BASELINE,042-S06-012,S06,1098,BASELINE,2026-01-24,50.0,50.0,N,2
EX_042-S06-012_WEEK2,042-S06-012,S06,1099,WEEK2,2026-02-10,50.0,50.0,N,2
EX_042-S06-012_WEEK4,042-S06-012,S06,1100,WEEK4,2026-02-24,50.0,50.0,N,2
EX_042-S06-012_WEEK6,042-S06-012,S06,1101,WEEK6,2026-03-10,50.0,50.0,N,3
EX_042-S06-012_WEEK8,042-S06-012,S06,1102,WEEK8,2026-03-24,50.0,50.0,N,3
EX_042-S06-012_WEEK10,042-S06-012,S06,1103,WEEK10,2026-04-10,50.0,50.0,N,4
EX_042-S06-012_WEEK12,042-S06-012,S06,1104,WEEK12,2026-04-24,50.0,50.0,N,4
EX_042-S07-012_SCREENING,042-S07-012,S07,1105,SCREENING,2026-01-10,50.0,50.0,N,2
EX_042-S07-012_BASELINE,042-S07-012,S07,1106,BASELINE,2026-01-24,50.0,50.0,N,2
EX_042-S07-012_WEEK2,042-S07-012,S07,1107,WEEK2,2026-02-10,50.0,50.0,N,2
EX_042-S07-012_WEEK4,042-S07-012,S07,1108,WEEK4,2026-02-24,50.0,50.0,N,2
EX_042-S07-012_WEEK6,042-S07-012,S07,1109,WEEK6,2026-03-10,50.0,50.0,N,3
EX_042-S07-012_WEEK8,042-S07-012,S07,1110,WEEK8,2026-03-24,50.0,50.0,N,3
EX_042-S07-012_WEEK10,042-S07-012,S07,1111,WEEK10,2026-04-10,50.0,50.0,N,4
EX_042-S07-012_WEEK12,042-S07-012,S07,1112,WEEK12,2026-04-24,50.0,50.0,N,4
EX_042-S08-012_SCREENING,042-S08-012,S08,1113,SCREENING,2026-01-10,50.0,50.0,N,2
EX_042-S08-012_BASELINE,042-S08-012,S08,1114,BASELINE,2026-01-24,50.0,50.0,N,2
EX_042-S08-012_WEEK2,042-S08-012,S08,1115,WEEK2,2026-02-10,50.0,50.0,N,2
EX_042-S08-012_WEEK4,042-S08-012,S08,1116,WEEK4,2026-02-24,50.0,50.0,N,2
EX_042-S08-012_WEEK6,042-S08-012,S08,1117,WEEK6,2026-03-10,50.0,50.0,N,3
EX_042-S08-012_WEEK8,042-S08-012,S08,1118,WEEK8,2026-03-24,50.0,50.0,N,3
EX_042-S08-012_WEEK10,042-S08-012,S08,1119,WEEK10,2026-04-10,50.0,50.0,N,4
EX_042-S08-012_WEEK12,042-S08-012,S08,1120,WEEK12,2026-04-24,50.0,50.0,N,4
EX_042-S09-012_SCREENING,042-S09-012,S09,1121,SCREENING,2026-01-10,50.0,50.0,N,2
EX_042-S09-012_BASELINE,042-S09-012,S09,1122,BASELINE,2026-01-24,50.0,50.0,N,2
EX_042-S09-012_WEEK2,042-S09-012,S09,1123,WEEK2,2026-02-10,50.0,50.0,N,2
EX_042-S09-012_WEEK4,042-S09-012,S09,1124,WEEK4,2026-02-24,50.0,50.0,N,2
EX_042-S09-012_WEEK6,042-S09-012,S09,1125,WEEK6,2026-03-10,50.0,50.0,N,3
EX_042-S09-012_WEEK8,042-S09-012,S09,1126,WEEK8,2026-03-24,50.0,50.0,N,3
EX_042-S09-012_WEEK10,042-S09-012,S09,1127,WEEK10,2026-04-10,50.0,50.0,N,4
EX_042-S09-012_WEEK12,042-S09-012,S09,1128,WEEK12,2026-04-24,50.0,50.0,N,4
EX_042-S10-012_SCREENING,042-S10-012,S10,1129,SCREENING,2026-01-10,50.0,50.0,N,2
EX_042-S10-012_BASELINE,042-S10-012,S10,1130,BASELINE,2026-01-24,50.0,50.0,N,2
EX_042-S10-012_WEEK2,042-S10-012,S10,1131,WEEK2,2026-02-10,50.0,50.0,N,2
EX_042-S10-012_WEEK4,042-S10-012,S10,1132,WEEK4,2026-02-24,50.0,50.0,N,2
EX_042-S10-012_WEEK6,042-S10-012,S10,1133,WEEK6,2026-03-10,50.0,50.0,N,3
EX_042-S10-012_WEEK8,042-S10-012,S10,1134,WEEK8,2026-03-24,50.0,50.0,N,3
EX_042-S10-012_WEEK10,042-S10-012,S10,1135,WEEK10,2026-04-10,50.0,50.0,N,4
EX_042-S10-012_WEEK12,042-S10-012,S10,1136,WEEK12,2026-04-24,50.0,50.0,N,4
EX_042-S11-012_SCREENING,042-S11-012,S11,1137,SCREENING,2026-01-10,50.0,50.0,N,2
EX_042-S11-012_BASELINE,042-S11-012,S11,1138,BASELINE,2026-01-24,50.0,50.0,N,2
EX_042-S11-012_WEEK2,042-S11-012,S11,1139,WEEK2,2026-02-10,50.0,50.0,N,2
EX_042-S11-012_WEEK4,042-S11-012,S11,1140,WEEK4,2026-02-24,50.0,50.0,N,2
EX_042-S11-012_WEEK6,042-S11-012,S11,1141,WEEK6,2026-03-10,50.0,50.0,N,3
EX_042-S11-012_WEEK8,042-S11-012,S11,1142,WEEK8,2026-03-24,50.0,50.0,N,3
EX_042-S11-012_WEEK10,042-S11-012,S11,1143,WEEK10,2026-04-10,50.0,50.0,N,4
EX_042-S11-012_WEEK12,042-S11-012,S11,1144,WEEK12,2026-04-24,50.0,50.0,N,4
EX_042-S12-012_SCREENING,042-S12-012,S12,1145,SCREENING,2026-01-10,50.0,50.0,N,2
EX_042-S12-012_BASELINE,042-S12-012,S12,1146,BASELINE,2026-01-24,50.0,50.0,N,2
EX_042-S12-012_WEEK2,042-S12-012,S12,1147,WEEK2,2026-02-10,50.0,50.0,N,2
EX_042-S12-012_WEEK4,042-S12-012,S12,1148,WEEK4,2026-02-24,50.0,50.0,N,2
EX_042-S12-012_WEEK6,042-S12-012,S12,1149,WEEK6,2026-03-10,50.0,50.0,N,3
EX_042-S12-012_WEEK8,042-S12-012,S12,1150,WEEK8,2026-03-24,50.0,50.0,N,3
EX_042-S12-012_WEEK10,042-S12-012,S12,1151,WEEK10,2026-04-10,50.0,50.0,N,4
EX_042-S12-012_WEEK12,042-S12-012,S12,1152,WEEK12,2026-04-24,50.0,50.0,N,4
EX_042-S01-013_SCREENING,042-S01-013,S01,1153,SCREENING,2026-01-10,50.0,50.0,N,2
EX_042-S01-013_BASELINE,042-S01-013,S01,1154,BASELINE,2026-01-24,50.0,50.0,N,2
EX_042-S01-013_WEEK2,042-S01-013,S01,1155,WEEK2,2026-02-10,50.0,50.0,N,2
EX_042-S01-013_WEEK4,042-S01-013,S01,1156,WEEK4,2026-02-24,50.0,50.0,N,2
EX_042-S01-013_WEEK6,042-S01-013,S01,1157,WEEK6,2026-03-10,50.0,50.0,N,3
EX_042-S01-013_WEEK8,042-S01-013,S01,1158,WEEK8,2026-03-24,50.0,50.0,N,3
EX_042-S01-013_WEEK10,042-S01-013,S01,1159,WEEK10,2026-04-10,50.0,50.0,N,4
EX_042-S01-013_WEEK12,042-S01-013,S01,1160,WEEK12,2026-04-24,50.0,50.0,N,4
EX_042-S02-013_SCREENING,042-S02-013,S02,1161,SCREENING,2026-01-10,50.0,50.0,N,2
EX_042-S02-013_BASELINE,042-S02-013,S02,1162,BASELINE,2026-01-24,50.0,50.0,N,2
EX_042-S02-013_WEEK2,042-S02-013,S02,1163,WEEK2,2026-02-10,50.0,50.0,N,2
EX_042-S02-013_WEEK4,042-S02-013,S02,1164,WEEK4,2026-02-24,50.0,50.0,N,2
EX_042-S02-013_WEEK6,042-S02-013,S02,1165,WEEK6,2026-03-10,50.0,50.0,N,3
EX_042-S02-013_WEEK8,042-S02-013,S02,1166,WEEK8,2026-03-24,50.0,50.0,N,3
EX_042-S02-013_WEEK10,042-S02-013,S02,1167,WEEK10,2026-04-10,50.0,50.0,N,4
EX_042-S02-013_WEEK12,042-S02-013,S02,1168,WEEK12,2026-04-24,50.0,50.0,N,4
EX_042-S03-013_SCREENING,042-S03-013,S03,1169,SCREENING,2026-01-10,50.0,50.0,N,2
EX_042-S03-013_BASELINE,042-S03-013,S03,1170,BASELINE,2026-01-24,50.0,50.0,N,2
EX_042-S03-013_WEEK2,042-S03-013,S03,1171,WEEK2,2026-02-10,50.0,50.0,N,2
EX_042-S03-013_WEEK4,042-S03-013,S03,1172,WEEK4,2026-02-24,50.0,50.0,N,2
EX_042-S03-013_WEEK6,042-S03-013,S03,1173,WEEK6,2026-03-10,50.0,50.0,N,3
EX_042-S03-013_WEEK8,042-S03-013,S03,1174,WEEK8,2026-03-24,50.0,50.0,N,3
EX_042-S03-013_WEEK10,042-S03-013,S03,1175,WEEK10,2026-04-10,50.0,50.0,N,4
EX_042-S03-013_WEEK12,042-S03-013,S03,1176,WEEK12,2026-04-24,50.0,50.0,N,4
EX_042-S04-013_SCREENING,042-S04-013,S04,1177,SCREENING,2026-01-10,50.0,50.0,N,2
EX_042-S04-013_BASELINE,042-S04-013,S04,1178,BASELINE,2026-01-24,50.0,50.0,N,2
EX_042-S04-013_WEEK2,042-S04-013,S04,1179,WEEK2,2026-02-10,50.0,50.0,N,2
EX_042-S04-013_WEEK4,042-S04-013,S04,1180,WEEK4,2026-02-24,50.0,50.0,N,2
EX_042-S04-013_WEEK6,042-S04-013,S04,1181,WEEK6,2026-03-10,50.0,50.0,N,3
EX_042-S04-013_WEEK8,042-S04-013,S04,1182,WEEK8,2026-03-24,50.0,50.0,N,3
EX_042-S04-013_WEEK10,042-S04-013,S04,1183,WEEK10,2026-04-10,50.0,50.0,N,4
EX_042-S04-013_WEEK12,042-S04-013,S04,1184,WEEK12,2026-04-24,50.0,50.0,N,4
EX_042-S05-013_SCREENING,042-S05-013,S05,1185,SCREENING,2026-01-10,50.0,50.0,N,2
EX_042-S05-013_BASELINE,042-S05-013,S05,1186,BASELINE,2026-01-24,50.0,50.0,N,2
EX_042-S05-013_WEEK2,042-S05-013,S05,1187,WEEK2,2026-02-10,50.0,50.0,N,2
EX_042-S05-013_WEEK4,042-S05-013,S05,1188,WEEK4,2026-02-24,50.0,50.0,N,2
EX_042-S05-013_WEEK6,042-S05-013,S05,1189,WEEK6,2026-03-10,50.0,50.0,N,3
EX_042-S05-013_WEEK8,042-S05-013,S05,1190,WEEK8,2026-03-24,50.0,50.0,N,3
EX_042-S05-013_WEEK10,042-S05-013,S05,1191,WEEK10,2026-04-10,50.0,50.0,N,4
EX_042-S05-013_WEEK12,042-S05-013,S05,1192,WEEK12,2026-04-24,50.0,50.0,N,4
EX_042-S06-013_SCREENING,042-S06-013,S06,1193,SCREENING,2026-01-10,50.0,50.0,N,2
EX_042-S06-013_BASELINE,042-S06-013,S06,1194,BASELINE,2026-01-24,50.0,50.0,N,2
EX_042-S06-013_WEEK2,042-S06-013,S06,1195,WEEK2,2026-02-10,50.0,50.0,N,2
EX_042-S06-013_WEEK4,042-S06-013,S06,1196,WEEK4,2026-02-24,50.0,50.0,N,2
EX_042-S06-013_WEEK6,042-S06-013,S06,1197,WEEK6,2026-03-10,50.0,50.0,N,3
EX_042-S06-013_WEEK8,042-S06-013,S06,1198,WEEK8,2026-03-24,50.0,50.0,N,3
EX_042-S06-013_WEEK10,042-S06-013,S06,1199,WEEK10,2026-04-10,50.0,50.0,N,4
EX_042-S06-013_WEEK12,042-S06-013,S06,1200,WEEK12,2026-04-24,50.0,50.0,N,4
EX_042-S07-013_SCREENING,042-S07-013,S07,1201,SCREENING,2026-01-10,50.0,50.0,N,2
EX_042-S07-013_BASELINE,042-S07-013,S07,1202,BASELINE,2026-01-24,50.0,50.0,N,2
EX_042-S07-013_WEEK2,042-S07-013,S07,1203,WEEK2,2026-02-10,50.0,50.0,N,2
EX_042-S07-013_WEEK4,042-S07-013,S07,1204,WEEK4,2026-02-24,50.0,50.0,N,2
EX_042-S07-013_WEEK6,042-S07-013,S07,1205,WEEK6,2026-03-10,50.0,50.0,N,3
EX_042-S07-013_WEEK8,042-S07-013,S07,1206,WEEK8,2026-03-24,50.0,50.0,N,3
EX_042-S07-013_WEEK10,042-S07-013,S07,1207,WEEK10,2026-04-10,50.0,50.0,N,4
EX_042-S07-013_WEEK12,042-S07-013,S07,1208,WEEK12,2026-04-24,50.0,50.0,N,4
EX_042-S08-013_SCREENING,042-S08-013,S08,1209,SCREENING,2026-01-10,50.0,50.0,N,2
EX_042-S08-013_BASELINE,042-S08-013,S08,1210,BASELINE,2026-01-24,50.0,50.0,N,2
EX_042-S08-013_WEEK2,042-S08-013,S08,1211,WEEK2,2026-02-10,50.0,50.0,N,2
EX_042-S08-013_WEEK4,042-S08-013,S08,1212,WEEK4,2026-02-24,50.0,50.0,N,2
EX_042-S08-013_WEEK6,042-S08-013,S08,1213,WEEK6,2026-03-10,50.0,50.0,N,3
EX_042-S08-013_WEEK8,042-S08-013,S08,1214,WEEK8,2026-03-24,50.0,50.0,N,3
EX_042-S08-013_WEEK10,042-S08-013,S08,1215,WEEK10,2026-04-10,50.0,50.0,N,4
EX_042-S08-013_WEEK12,042-S08-013,S08,1216,WEEK12,2026-04-24,50.0,50.0,N,4
EX_042-S09-013_SCREENING,042-S09-013,S09,1217,SCREENING,2026-01-10,50.0,50.0,N,2
EX_042-S09-013_BASELINE,042-S09-013,S09,1218,BASELINE,2026-01-24,50.0,50.0,N,2
EX_042-S09-013_WEEK2,042-S09-013,S09,1219,WEEK2,2026-02-10,50.0,50.0,N,2
EX_042-S09-013_WEEK4,042-S09-013,S09,1220,WEEK4,2026-02-24,50.0,50.0,N,2
EX_042-S09-013_WEEK6,042-S09-013,S09,1221,WEEK6,2026-03-10,50.0,50.0,N,3
EX_042-S09-013_WEEK8,042-S09-013,S09,1222,WEEK8,2026-03-24,50.0,50.0,N,3
EX_042-S09-013_WEEK10,042-S09-013,S09,1223,WEEK10,2026-04-10,50.0,50.0,N,4
EX_042-S09-013_WEEK12,042-S09-013,S09,1224,WEEK12,2026-04-24,50.0,50.0,N,4
EX_042-S10-013_SCREENING,042-S10-013,S10,1225,SCREENING,2026-01-10,50.0,50.0,N,2
EX_042-S10-013_BASELINE,042-S10-013,S10,1226,BASELINE,2026-01-24,50.0,50.0,N,2
EX_042-S10-013_WEEK2,042-S10-013,S10,1227,WEEK2,2026-02-10,50.0,50.0,N,2
EX_042-S10-013_WEEK4,042-S10-013,S10,1228,WEEK4,2026-02-24,50.0,50.0,N,2
EX_042-S10-013_WEEK6,042-S10-013,S10,1229,WEEK6,2026-03-10,50.0,50.0,N,3
EX_042-S10-013_WEEK8,042-S10-013,S10,1230,WEEK8,2026-03-24,50.0,50.0,N,3
EX_042-S10-013_WEEK10,042-S10-013,S10,1231,WEEK10,2026-04-10,50.0,50.0,N,4
EX_042-S10-013_WEEK12,042-S10-013,S10,1232,WEEK12,2026-04-24,50.0,50.0,N,4
EX_042-S11-013_SCREENING,042-S11-013,S11,1233,SCREENING,2026-01-10,50.0,50.0,N,2
EX_042-S11-013_BASELINE,042-S11-013,S11,1234,BASELINE,2026-01-24,50.0,50.0,N,2
EX_042-S11-013_WEEK2,042-S11-013,S11,1235,WEEK2,2026-02-10,50.0,50.0,N,2
EX_042-S11-013_WEEK4,042-S11-013,S11,1236,WEEK4,2026-02-24,50.0,50.0,N,2
EX_042-S11-013_WEEK6,042-S11-013,S11,1237,WEEK6,2026-03-10,50.0,50.0,N,3
EX_042-S11-013_WEEK8,042-S11-013,S11,1238,WEEK8,2026-03-24,50.0,50.0,N,3
EX_042-S11-013_WEEK10,042-S11-013,S11,1239,WEEK10,2026-04-10,50.0,50.0,N,4
EX_042-S11-013_WEEK12,042-S11-013,S11,1240,WEEK12,2026-04-24,50.0,50.0,N,4
EX_042-S12-013_SCREENING,042-S12-013,S12,1241,SCREENING,2026-01-10,50.0,50.0,N,2
EX_042-S12-013_BASELINE,042-S12-013,S12,1242,BASELINE,2026-01-24,50.0,50.0,N,2
EX_042-S12-013_WEEK2,042-S12-013,S12,1243,WEEK2,2026-02-10,50.0,50.0,N,2
EX_042-S12-013_WEEK4,042-S12-013,S12,1244,WEEK4,2026-02-24,50.0,50.0,N,2
EX_042-S12-013_WEEK6,042-S12-013,S12,1245,WEEK6,2026-03-10,50.0,50.0,N,3
EX_042-S12-013_WEEK8,042-S12-013,S12,1246,WEEK8,2026-03-24,50.0,50.0,N,3
EX_042-S12-013_WEEK10,042-S12-013,S12,1247,WEEK10,2026-04-10,50.0,50.0,N,4
EX_042-S12-013_WEEK12,042-S12-013,S12,1248,WEEK12,2026-04-24,50.0,50.0,N,4
EX_042-S01-014_SCREENING,042-S01-014,S01,1249,SCREENING,2026-01-10,50.0,50.0,N,2
EX_042-S01-014_BASELINE,042-S01-014,S01,1250,BASELINE,2026-01-24,50.0,50.0,N,2
EX_042-S01-014_WEEK2,042-S01-014,S01,1251,WEEK2,2026-02-10,50.0,50.0,N,2
EX_042-S01-014_WEEK4,042-S01-014,S01,1252,WEEK4,2026-02-24,50.0,50.0,N,2
EX_042-S01-014_WEEK6,042-S01-014,S01,1253,WEEK6,2026-03-10,50.0,50.0,N,3
EX_042-S01-014_WEEK8,042-S01-014,S01,1254,WEEK8,2026-03-24,50.0,50.0,N,3
EX_042-S01-014_WEEK10,042-S01-014,S01,1255,WEEK10,2026-04-10,50.0,50.0,N,4
EX_042-S01-014_WEEK12,042-S01-014,S01,1256,WEEK12,2026-04-24,50.0,50.0,N,4
EX_042-S02-014_SCREENING,042-S02-014,S02,1257,SCREENING,2026-01-10,50.0,50.0,N,2
EX_042-S02-014_BASELINE,042-S02-014,S02,1258,BASELINE,2026-01-24,50.0,50.0,N,2
EX_042-S02-014_WEEK2,042-S02-014,S02,1259,WEEK2,2026-02-10,50.0,50.0,N,2
EX_042-S02-014_WEEK4,042-S02-014,S02,1260,WEEK4,2026-02-24,50.0,50.0,N,2
EX_042-S02-014_WEEK6,042-S02-014,S02,1261,WEEK6,2026-03-10,50.0,50.0,N,3
EX_042-S02-014_WEEK8,042-S02-014,S02,1262,WEEK8,2026-03-24,50.0,50.0,N,3
EX_042-S02-014_WEEK10,042-S02-014,S02,1263,WEEK10,2026-04-10,50.0,50.0,N,4
EX_042-S02-014_WEEK12,042-S02-014,S02,1264,WEEK12,2026-04-24,50.0,50.0,N,4
EX_042-S03-014_SCREENING,042-S03-014,S03,1265,SCREENING,2026-01-10,50.0,50.0,N,2
EX_042-S03-014_BASELINE,042-S03-014,S03,1266,BASELINE,2026-01-24,50.0,50.0,N,2
EX_042-S03-014_WEEK2,042-S03-014,S03,1267,WEEK2,2026-02-10,50.0,50.0,N,2
EX_042-S03-014_WEEK4,042-S03-014,S03,1268,WEEK4,2026-02-24,50.0,50.0,N,2
EX_042-S03-014_WEEK6,042-S03-014,S03,1269,WEEK6,2026-03-10,50.0,50.0,N,3
EX_042-S03-014_WEEK8,042-S03-014,S03,1270,WEEK8,2026-03-24,50.0,50.0,N,3
EX_042-S03-014_WEEK10,042-S03-014,S03,1271,WEEK10,2026-04-10,50.0,50.0,N,4
EX_042-S03-014_WEEK12,042-S03-014,S03,1272,WEEK12,2026-04-24,50.0,50.0,N,4
EX_042-S04-014_SCREENING,042-S04-014,S04,1273,SCREENING,2026-01-10,50.0,50.0,N,2
EX_042-S04-014_BASELINE,042-S04-014,S04,1274,BASELINE,2026-01-24,50.0,50.0,N,2
EX_042-S04-014_WEEK2,042-S04-014,S04,1275,WEEK2,2026-02-10,50.0,50.0,N,2
EX_042-S04-014_WEEK4,042-S04-014,S04,1276,WEEK4,2026-02-24,50.0,50.0,N,2
EX_042-S04-014_WEEK6,042-S04-014,S04,1277,WEEK6,2026-03-10,50.0,50.0,N,3
EX_042-S04-014_WEEK8,042-S04-014,S04,1278,WEEK8,2026-03-24,50.0,50.0,N,3
EX_042-S04-014_WEEK10,042-S04-014,S04,1279,WEEK10,2026-04-10,50.0,50.0,N,4
EX_042-S04-014_WEEK12,042-S04-014,S04,1280,WEEK12,2026-04-24,50.0,50.0,N,4
EX_042-S05-014_SCREENING,042-S05-014,S05,1281,SCREENING,2026-01-10,50.0,50.0,N,2
EX_042-S05-014_BASELINE,042-S05-014,S05,1282,BASELINE,2026-01-24,50.0,50.0,N,2
EX_042-S05-014_WEEK2,042-S05-014,S05,1283,WEEK2,2026-02-10,50.0,50.0,N,2
EX_042-S05-014_WEEK4,042-S05-014,S05,1284,WEEK4,2026-02-24,50.0,50.0,N,2
EX_042-S05-014_WEEK6,042-S05-014,S05,1285,WEEK6,2026-03-10,50.0,50.0,N,3
EX_042-S05-014_WEEK8,042-S05-014,S05,1286,WEEK8,2026-03-24,50.0,50.0,N,3
EX_042-S05-014_WEEK10,042-S05-014,S05,1287,WEEK10,2026-04-10,50.0,50.0,N,4
EX_042-S05-014_WEEK12,042-S05-014,S05,1288,WEEK12,2026-04-24,50.0,50.0,N,4
EX_042-S06-014_SCREENING,042-S06-014,S06,1289,SCREENING,2026-01-10,50.0,50.0,N,2
EX_042-S06-014_BASELINE,042-S06-014,S06,1290,BASELINE,2026-01-24,50.0,50.0,N,2
EX_042-S06-014_WEEK2,042-S06-014,S06,1291,WEEK2,2026-02-10,50.0,50.0,N,2
EX_042-S06-014_WEEK4,042-S06-014,S06,1292,WEEK4,2026-02-24,50.0,50.0,N,2
EX_042-S06-014_WEEK6,042-S06-014,S06,1293,WEEK6,2026-03-10,50.0,50.0,N,3
EX_042-S06-014_WEEK8,042-S06-014,S06,1294,WEEK8,2026-03-24,50.0,50.0,N,3
EX_042-S06-014_WEEK10,042-S06-014,S06,1295,WEEK10,2026-04-10,50.0,50.0,N,4
EX_042-S06-014_WEEK12,042-S06-014,S06,1296,WEEK12,2026-04-24,50.0,50.0,N,4
EX_042-S07-014_SCREENING,042-S07-014,S07,1297,SCREENING,2026-01-10,50.0,50.0,N,2
EX_042-S07-014_BASELINE,042-S07-014,S07,1298,BASELINE,2026-01-24,50.0,50.0,N,2
EX_042-S07-014_WEEK2,042-S07-014,S07,1299,WEEK2,2026-02-10,50.0,50.0,N,2
EX_042-S07-014_WEEK4,042-S07-014,S07,1300,WEEK4,2026-02-24,50.0,50.0,N,2
EX_042-S07-014_WEEK6,042-S07-014,S07,1301,WEEK6,2026-03-10,50.0,50.0,N,3
EX_042-S07-014_WEEK8,042-S07-014,S07,1302,WEEK8,2026-03-24,50.0,50.0,N,3
EX_042-S07-014_WEEK10,042-S07-014,S07,1303,WEEK10,2026-04-10,50.0,50.0,N,4
EX_042-S07-014_WEEK12,042-S07-014,S07,1304,WEEK12,2026-04-24,50.0,50.0,N,4
EX_042-S08-014_SCREENING,042-S08-014,S08,1305,SCREENING,2026-01-10,50.0,50.0,N,2
EX_042-S08-014_BASELINE,042-S08-014,S08,1306,BASELINE,2026-01-24,50.0,50.0,N,2
EX_042-S08-014_WEEK2,042-S08-014,S08,1307,WEEK2,2026-02-10,50.0,50.0,N,2
EX_042-S08-014_WEEK4,042-S08-014,S08,1308,WEEK4,2026-02-24,50.0,50.0,N,2
EX_042-S08-014_WEEK6,042-S08-014,S08,1309,WEEK6,2026-03-10,50.0,50.0,N,3
EX_042-S08-014_WEEK8,042-S08-014,S08,1310,WEEK8,2026-03-24,50.0,50.0,N,3
EX_042-S08-014_WEEK10,042-S08-014,S08,1311,WEEK10,2026-04-10,50.0,50.0,N,4
EX_042-S08-014_WEEK12,042-S08-014,S08,1312,WEEK12,2026-04-24,50.0,50.0,N,4
EX_042-S09-014_SCREENING,042-S09-014,S09,1313,SCREENING,2026-01-10,50.0,50.0,N,2
EX_042-S09-014_BASELINE,042-S09-014,S09,1314,BASELINE,2026-01-24,50.0,50.0,N,2
EX_042-S09-014_WEEK2,042-S09-014,S09,1315,WEEK2,2026-02-10,50.0,50.0,N,2
EX_042-S09-014_WEEK4,042-S09-014,S09,1316,WEEK4,2026-02-24,50.0,50.0,N,2
EX_042-S09-014_WEEK6,042-S09-014,S09,1317,WEEK6,2026-03-10,50.0,50.0,N,3
EX_042-S09-014_WEEK8,042-S09-014,S09,1318,WEEK8,2026-03-24,50.0,50.0,N,3
EX_042-S09-014_WEEK10,042-S09-014,S09,1319,WEEK10,2026-04-10,50.0,50.0,N,4
EX_042-S09-014_WEEK12,042-S09-014,S09,1320,WEEK12,2026-04-24,50.0,50.0,N,4
EX_042-S10-014_SCREENING,042-S10-014,S10,1321,SCREENING,2026-01-10,50.0,50.0,N,2
EX_042-S10-014_BASELINE,042-S10-014,S10,1322,BASELINE,2026-01-24,50.0,50.0,N,2
EX_042-S10-014_WEEK2,042-S10-014,S10,1323,WEEK2,2026-02-10,50.0,50.0,N,2
EX_042-S10-014_WEEK4,042-S10-014,S10,1324,WEEK4,2026-02-24,50.0,50.0,N,2
EX_042-S10-014_WEEK6,042-S10-014,S10,1325,WEEK6,2026-03-10,50.0,50.0,N,3
EX_042-S10-014_WEEK8,042-S10-014,S10,1326,WEEK8,2026-03-24,50.0,50.0,N,3
EX_042-S10-014_WEEK10,042-S10-014,S10,1327,WEEK10,2026-04-10,50.0,50.0,N,4
EX_042-S10-014_WEEK12,042-S10-014,S10,1328,WEEK12,2026-04-24,50.0,50.0,N,4
EX_042-S11-014_SCREENING,042-S11-014,S11,1329,SCREENING,2026-01-10,50.0,50.0,N,2
EX_042-S11-014_BASELINE,042-S11-014,S11,1330,BASELINE,2026-01-24,50.0,50.0,N,2
EX_042-S11-014_WEEK2,042-S11-014,S11,1331,WEEK2,2026-02-10,50.0,50.0,N,2
EX_042-S11-014_WEEK4,042-S11-014,S11,1332,WEEK4,2026-02-24,50.0,50.0,N,2
EX_042-S11-014_WEEK6,042-S11-014,S11,1333,WEEK6,2026-03-10,50.0,50.0,N,3
EX_042-S11-014_WEEK8,042-S11-014,S11,1334,WEEK8,2026-03-24,50.0,50.0,N,3
EX_042-S11-014_WEEK10,042-S11-014,S11,1335,WEEK10,2026-04-10,50.0,50.0,N,4
EX_042-S11-014_WEEK12,042-S11-014,S11,1336,WEEK12,2026-04-24,50.0,50.0,N,4
EX_042-S12-014_SCREENING,042-S12-014,S12,1337,SCREENING,2026-01-10,50.0,50.0,N,2
EX_042-S12-014_BASELINE,042-S12-014,S12,1338,BASELINE,2026-01-24,50.0,50.0,N,2
EX_042-S12-014_WEEK2,042-S12-014,S12,1339,WEEK2,2026-02-10,50.0,50.0,N,2
EX_042-S12-014_WEEK4,042-S12-014,S12,1340,WEEK4,2026-02-24,50.0,50.0,N,2
EX_042-S12-014_WEEK6,042-S12-014,S12,1341,WEEK6,2026-03-10,50.0,50.0,N,3
EX_042-S12-014_WEEK8,042-S12-014,S12,1342,WEEK8,2026-03-24,50.0,50.0,N,3
EX_042-S12-014_WEEK10,042-S12-014,S12,1343,WEEK10,2026-04-10,50.0,50.0,N,4
EX_042-S12-014_WEEK12,042-S12-014,S12,1344,WEEK12,2026-04-24,50.0,50.0,N,4
EX_042-S01-015_SCREENING,042-S01-015,S01,1345,SCREENING,2026-01-10,50.0,50.0,N,2
EX_042-S01-015_BASELINE,042-S01-015,S01,1346,BASELINE,2026-01-24,50.0,50.0,N,2
EX_042-S01-015_WEEK2,042-S01-015,S01,1347,WEEK2,2026-02-10,50.0,50.0,N,2
EX_042-S01-015_WEEK4,042-S01-015,S01,1348,WEEK4,2026-02-24,50.0,50.0,N,2
EX_042-S01-015_WEEK6,042-S01-015,S01,1349,WEEK6,2026-03-10,50.0,50.0,N,3
EX_042-S01-015_WEEK8,042-S01-015,S01,1350,WEEK8,2026-03-24,50.0,50.0,N,3
EX_042-S01-015_WEEK10,042-S01-015,S01,1351,WEEK10,2026-04-10,50.0,50.0,N,4
EX_042-S01-015_WEEK12,042-S01-015,S01,1352,WEEK12,2026-04-24,50.0,50.0,N,4
EX_042-S02-015_SCREENING,042-S02-015,S02,1353,SCREENING,2026-01-10,50.0,50.0,N,2
EX_042-S02-015_BASELINE,042-S02-015,S02,1354,BASELINE,2026-01-24,50.0,50.0,N,2
EX_042-S02-015_WEEK2,042-S02-015,S02,1355,WEEK2,2026-02-10,50.0,50.0,N,2
EX_042-S02-015_WEEK4,042-S02-015,S02,1356,WEEK4,2026-02-24,50.0,50.0,N,2
EX_042-S02-015_WEEK6,042-S02-015,S02,1357,WEEK6,2026-03-10,50.0,50.0,N,3
EX_042-S02-015_WEEK8,042-S02-015,S02,1358,WEEK8,2026-03-24,50.0,50.0,N,3
EX_042-S02-015_WEEK10,042-S02-015,S02,1359,WEEK10,2026-04-10,50.0,50.0,N,4
EX_042-S02-015_WEEK12,042-S02-015,S02,1360,WEEK12,2026-04-24,50.0,50.0,N,4
EX_042-S03-015_SCREENING,042-S03-015,S03,1361,SCREENING,2026-01-10,50.0,50.0,N,2
EX_042-S03-015_BASELINE,042-S03-015,S03,1362,BASELINE,2026-01-24,50.0,50.0,N,2
EX_042-S03-015_WEEK2,042-S03-015,S03,1363,WEEK2,2026-02-10,50.0,50.0,N,2
EX_042-S03-015_WEEK4,042-S03-015,S03,1364,WEEK4,2026-02-24,50.0,50.0,N,2
EX_042-S03-015_WEEK6,042-S03-015,S03,1365,WEEK6,2026-03-10,50.0,50.0,N,3
EX_042-S03-015_WEEK8,042-S03-015,S03,1366,WEEK8,2026-03-24,50.0,50.0,N,3
EX_042-S03-015_WEEK10,042-S03-015,S03,1367,WEEK10,2026-04-10,50.0,50.0,N,4
EX_042-S03-015_WEEK12,042-S03-015,S03,1368,WEEK12,2026-04-24,50.0,50.0,N,4
EX_042-S04-015_SCREENING,042-S04-015,S04,1369,SCREENING,2026-01-10,50.0,50.0,N,2
EX_042-S04-015_BASELINE,042-S04-015,S04,1370,BASELINE,2026-01-24,50.0,50.0,N,2
EX_042-S04-015_WEEK2,042-S04-015,S04,1371,WEEK2,2026-02-10,50.0,50.0,N,2
EX_042-S04-015_WEEK4,042-S04-015,S04,1372,WEEK4,2026-02-24,50.0,50.0,N,2
EX_042-S04-015_WEEK6,042-S04-015,S04,1373,WEEK6,2026-03-10,50.0,50.0,N,3
EX_042-S04-015_WEEK8,042-S04-015,S04,1374,WEEK8,2026-03-24,50.0,50.0,N,3
EX_042-S04-015_WEEK10,042-S04-015,S04,1375,WEEK10,2026-04-10,50.0,50.0,N,4
EX_042-S04-015_WEEK12,042-S04-015,S04,1376,WEEK12,2026-04-24,50.0,50.0,N,4
EX_042-S05-015_SCREENING,042-S05-015,S05,1377,SCREENING,2026-01-10,50.0,50.0,N,2
EX_042-S05-015_BASELINE,042-S05-015,S05,1378,BASELINE,2026-01-24,50.0,50.0,N,2
EX_042-S05-015_WEEK2,042-S05-015,S05,1379,WEEK2,2026-02-10,50.0,50.0,N,2
EX_042-S05-015_WEEK4,042-S05-015,S05,1380,WEEK4,2026-02-24,50.0,50.0,N,2
EX_042-S05-015_WEEK6,042-S05-015,S05,1381,WEEK6,2026-03-10,50.0,50.0,N,3
EX_042-S05-015_WEEK8,042-S05-015,S05,1382,WEEK8,2026-03-24,50.0,50.0,N,3
EX_042-S05-015_WEEK10,042-S05-015,S05,1383,WEEK10,2026-04-10,50.0,50.0,N,4
EX_042-S05-015_WEEK12,042-S05-015,S05,1384,WEEK12,2026-04-24,50.0,50.0,N,4
EX_042-S06-015_SCREENING,042-S06-015,S06,1385,SCREENING,2026-01-10,50.0,50.0,N,2
EX_042-S06-015_BASELINE,042-S06-015,S06,1386,BASELINE,2026-01-24,50.0,50.0,N,2
EX_042-S06-015_WEEK2,042-S06-015,S06,1387,WEEK2,2026-02-10,50.0,50.0,N,2
EX_042-S06-015_WEEK4,042-S06-015,S06,1388,WEEK4,2026-02-24,50.0,50.0,N,2
EX_042-S06-015_WEEK6,042-S06-015,S06,1389,WEEK6,2026-03-10,50.0,50.0,N,3
EX_042-S06-015_WEEK8,042-S06-015,S06,1390,WEEK8,2026-03-24,50.0,50.0,N,3
EX_042-S06-015_WEEK10,042-S06-015,S06,1391,WEEK10,2026-04-10,50.0,50.0,N,4
EX_042-S06-015_WEEK12,042-S06-015,S06,1392,WEEK12,2026-04-24,50.0,50.0,N,4
EX_042-S07-015_SCREENING,042-S07-015,S07,1393,SCREENING,2026-01-10,50.0,50.0,N,2
EX_042-S07-015_BASELINE,042-S07-015,S07,1394,BASELINE,2026-01-24,50.0,50.0,N,2
EX_042-S07-015_WEEK2,042-S07-015,S07,1395,WEEK2,2026-02-10,50.0,50.0,N,2
EX_042-S07-015_WEEK4,042-S07-015,S07,1396,WEEK4,2026-02-24,50.0,50.0,N,2
EX_042-S07-015_WEEK6,042-S07-015,S07,1397,WEEK6,2026-03-10,50.0,50.0,N,3
EX_042-S07-015_WEEK8,042-S07-015,S07,1398,WEEK8,2026-03-24,50.0,50.0,N,3
EX_042-S07-015_WEEK10,042-S07-015,S07,1399,WEEK10,2026-04-10,50.0,50.0,N,4
EX_042-S07-015_WEEK12,042-S07-015,S07,1400,WEEK12,2026-04-24,50.0,50.0,N,4
EX_042-S08-015_SCREENING,042-S08-015,S08,1401,SCREENING,2026-01-10,50.0,50.0,N,2
EX_042-S08-015_BASELINE,042-S08-015,S08,1402,BASELINE,2026-01-24,50.0,50.0,N,2
EX_042-S08-015_WEEK2,042-S08-015,S08,1403,WEEK2,2026-02-10,50.0,50.0,N,2
EX_042-S08-015_WEEK4,042-S08-015,S08,1404,WEEK4,2026-02-24,50.0,50.0,N,2
EX_042-S08-015_WEEK6,042-S08-015,S08,1405,WEEK6,2026-03-10,50.0,50.0,N,3
EX_042-S08-015_WEEK8,042-S08-015,S08,1406,WEEK8,2026-03-24,50.0,50.0,N,3
EX_042-S08-015_WEEK10,042-S08-015,S08,1407,WEEK10,2026-04-10,50.0,50.0,N,4
EX_042-S08-015_WEEK12,042-S08-015,S08,1408,WEEK12,2026-04-24,50.0,50.0,N,4
EX_042-S09-015_SCREENING,042-S09-015,S09,1409,SCREENING,2026-01-10,50.0,50.0,N,2
EX_042-S09-015_BASELINE,042-S09-015,S09,1410,BASELINE,2026-01-24,50.0,50.0,N,2
EX_042-S09-015_WEEK2,042-S09-015,S09,1411,WEEK2,2026-02-10,50.0,50.0,N,2
EX_042-S09-015_WEEK4,042-S09-015,S09,1412,WEEK4,2026-02-24,50.0,50.0,N,2
EX_042-S09-015_WEEK6,042-S09-015,S09,1413,WEEK6,2026-03-10,50.0,50.0,N,3
EX_042-S09-015_WEEK8,042-S09-015,S09,1414,WEEK8,2026-03-24,50.0,50.0,N,3
EX_042-S09-015_WEEK10,042-S09-015,S09,1415,WEEK10,2026-04-10,50.0,50.0,N,4
EX_042-S09-015_WEEK12,042-S09-015,S09,1416,WEEK12,2026-04-24,50.0,50.0,N,4
EX_042-S10-015_SCREENING,042-S10-015,S10,1417,SCREENING,2026-01-10,50.0,50.0,N,2
EX_042-S10-015_BASELINE,042-S10-015,S10,1418,BASELINE,2026-01-24,50.0,50.0,N,2
EX_042-S10-015_WEEK2,042-S10-015,S10,1419,WEEK2,2026-02-10,50.0,50.0,N,2
EX_042-S10-015_WEEK4,042-S10-015,S10,1420,WEEK4,2026-02-24,50.0,50.0,N,2
EX_042-S10-015_WEEK6,042-S10-015,S10,1421,WEEK6,2026-03-10,50.0,50.0,N,3
EX_042-S10-015_WEEK8,042-S10-015,S10,1422,WEEK8,2026-03-24,50.0,50.0,N,3
EX_042-S10-015_WEEK10,042-S10-015,S10,1423,WEEK10,2026-04-10,50.0,50.0,N,4
EX_042-S10-015_WEEK12,042-S10-015,S10,1424,WEEK12,2026-04-24,50.0,50.0,N,4
EX_042-S11-015_SCREENING,042-S11-015,S11,1425,SCREENING,2026-01-10,50.0,50.0,N,2
EX_042-S11-015_BASELINE,042-S11-015,S11,1426,BASELINE,2026-01-24,50.0,50.0,N,2
EX_042-S11-015_WEEK2,042-S11-015,S11,1427,WEEK2,2026-02-10,50.0,50.0,N,2
EX_042-S11-015_WEEK4,042-S11-015,S11,1428,WEEK4,2026-02-24,50.0,50.0,N,2
EX_042-S11-015_WEEK6,042-S11-015,S11,1429,WEEK6,2026-03-10,50.0,50.0,N,3
EX_042-S11-015_WEEK8,042-S11-015,S11,1430,WEEK8,2026-03-24,50.0,50.0,N,3
EX_042-S11-015_WEEK10,042-S11-015,S11,1431,WEEK10,2026-04-10,50.0,50.0,N,4
EX_042-S11-015_WEEK12,042-S11-015,S11,1432,WEEK12,2026-04-24,50.0,50.0,N,4
EX_042-S12-015_SCREENING,042-S12-015,S12,1433,SCREENING,2026-01-10,50.0,50.0,N,2
EX_042-S12-015_BASELINE,042-S12-015,S12,1434,BASELINE,2026-01-24,50.0,50.0,N,2
EX_042-S12-015_WEEK2,042-S12-015,S12,1435,WEEK2,2026-02-10,50.0,50.0,N,2
EX_042-S12-015_WEEK4,042-S12-015,S12,1436,WEEK4,2026-02-24,50.0,50.0,N,2
EX_042-S12-015_WEEK6,042-S12-015,S12,1437,WEEK6,2026-03-10,50.0,50.0,N,3
EX_042-S12-015_WEEK8,042-S12-015,S12,1438,WEEK8,2026-03-24,50.0,50.0,N,3
EX_042-S12-015_WEEK10,042-S12-015,S12,1439,WEEK10,2026-04-10,50.0,50.0,N,4
EX_042-S12-015_WEEK12,042-S12-015,S12,1440,WEEK12,2026-04-24,50.0,50.0,N,4
EX_042-S01-016_SCREENING,042-S01-016,S01,1441,SCREENING,2026-01-10,50.0,50.0,N,3
EX_042-S01-016_BASELINE,042-S01-016,S01,1442,BASELINE,2026-01-24,50.0,50.0,N,3
EX_042-S01-016_WEEK2,042-S01-016,S01,1443,WEEK2,2026-02-10,50.0,50.0,N,3
EX_042-S01-016_WEEK4,042-S01-016,S01,1444,WEEK4,2026-02-24,50.0,50.0,N,3
EX_042-S01-016_WEEK6,042-S01-016,S01,1445,WEEK6,2026-03-10,50.0,50.0,N,3
EX_042-S01-016_WEEK8,042-S01-016,S01,1446,WEEK8,2026-03-24,50.0,50.0,N,3
EX_042-S01-016_WEEK10,042-S01-016,S01,1447,WEEK10,2026-04-10,50.0,50.0,N,4
EX_042-S01-016_WEEK12,042-S01-016,S01,1448,WEEK12,2026-04-24,50.0,50.0,N,4
EX_042-S02-016_SCREENING,042-S02-016,S02,1449,SCREENING,2026-01-10,50.0,50.0,N,3
EX_042-S02-016_BASELINE,042-S02-016,S02,1450,BASELINE,2026-01-24,50.0,50.0,N,3
EX_042-S02-016_WEEK2,042-S02-016,S02,1451,WEEK2,2026-02-10,50.0,50.0,N,3
EX_042-S02-016_WEEK4,042-S02-016,S02,1452,WEEK4,2026-02-24,50.0,50.0,N,3
EX_042-S02-016_WEEK6,042-S02-016,S02,1453,WEEK6,2026-03-10,50.0,50.0,N,3
EX_042-S02-016_WEEK8,042-S02-016,S02,1454,WEEK8,2026-03-24,50.0,50.0,N,3
EX_042-S02-016_WEEK10,042-S02-016,S02,1455,WEEK10,2026-04-10,50.0,50.0,N,4
EX_042-S02-016_WEEK12,042-S02-016,S02,1456,WEEK12,2026-04-24,50.0,50.0,N,4
EX_042-S03-016_SCREENING,042-S03-016,S03,1457,SCREENING,2026-01-10,50.0,50.0,N,3
EX_042-S03-016_BASELINE,042-S03-016,S03,1458,BASELINE,2026-01-24,50.0,50.0,N,3
EX_042-S03-016_WEEK2,042-S03-016,S03,1459,WEEK2,2026-02-10,50.0,50.0,N,3
EX_042-S03-016_WEEK4,042-S03-016,S03,1460,WEEK4,2026-02-24,50.0,50.0,N,3
EX_042-S03-016_WEEK6,042-S03-016,S03,1461,WEEK6,2026-03-10,50.0,50.0,N,3
EX_042-S03-016_WEEK8,042-S03-016,S03,1462,WEEK8,2026-03-24,50.0,50.0,N,3
EX_042-S03-016_WEEK10,042-S03-016,S03,1463,WEEK10,2026-04-10,50.0,50.0,N,4
EX_042-S03-016_WEEK12,042-S03-016,S03,1464,WEEK12,2026-04-24,50.0,50.0,N,4
EX_042-S04-016_SCREENING,042-S04-016,S04,1465,SCREENING,2026-01-10,50.0,50.0,N,3
EX_042-S04-016_BASELINE,042-S04-016,S04,1466,BASELINE,2026-01-24,50.0,50.0,N,3
EX_042-S04-016_WEEK2,042-S04-016,S04,1467,WEEK2,2026-02-10,50.0,50.0,N,3
EX_042-S04-016_WEEK4,042-S04-016,S04,1468,WEEK4,2026-02-24,50.0,50.0,N,3
EX_042-S04-016_WEEK6,042-S04-016,S04,1469,WEEK6,2026-03-10,50.0,50.0,N,3
EX_042-S04-016_WEEK8,042-S04-016,S04,1470,WEEK8,2026-03-24,50.0,50.0,N,3
EX_042-S04-016_WEEK10,042-S04-016,S04,1471,WEEK10,2026-04-10,50.0,50.0,N,4
EX_042-S04-016_WEEK12,042-S04-016,S04,1472,WEEK12,2026-04-24,50.0,50.0,N,4
EX_042-S05-016_SCREENING,042-S05-016,S05,1473,SCREENING,2026-01-10,50.0,50.0,N,3
EX_042-S05-016_BASELINE,042-S05-016,S05,1474,BASELINE,2026-01-24,50.0,50.0,N,3
EX_042-S05-016_WEEK2,042-S05-016,S05,1475,WEEK2,2026-02-10,50.0,50.0,N,3
EX_042-S05-016_WEEK4,042-S05-016,S05,1476,WEEK4,2026-02-24,50.0,50.0,N,3
EX_042-S05-016_WEEK6,042-S05-016,S05,1477,WEEK6,2026-03-10,50.0,50.0,N,3
EX_042-S05-016_WEEK8,042-S05-016,S05,1478,WEEK8,2026-03-24,50.0,50.0,N,3
EX_042-S05-016_WEEK10,042-S05-016,S05,1479,WEEK10,2026-04-10,50.0,50.0,N,4
EX_042-S05-016_WEEK12,042-S05-016,S05,1480,WEEK12,2026-04-24,50.0,50.0,N,4
EX_042-S06-016_SCREENING,042-S06-016,S06,1481,SCREENING,2026-01-10,50.0,50.0,N,3
EX_042-S06-016_BASELINE,042-S06-016,S06,1482,BASELINE,2026-01-24,50.0,50.0,N,3
EX_042-S06-016_WEEK2,042-S06-016,S06,1483,WEEK2,2026-02-10,50.0,50.0,N,3
EX_042-S06-016_WEEK4,042-S06-016,S06,1484,WEEK4,2026-02-24,50.0,50.0,N,3
EX_042-S06-016_WEEK6,042-S06-016,S06,1485,WEEK6,2026-03-10,50.0,50.0,N,3
EX_042-S06-016_WEEK8,042-S06-016,S06,1486,WEEK8,2026-03-24,50.0,50.0,N,3
EX_042-S06-016_WEEK10,042-S06-016,S06,1487,WEEK10,2026-04-10,50.0,50.0,N,4
EX_042-S06-016_WEEK12,042-S06-016,S06,1488,WEEK12,2026-04-24,50.0,50.0,N,4
EX_042-S07-016_SCREENING,042-S07-016,S07,1489,SCREENING,2026-01-10,50.0,50.0,N,3
EX_042-S07-016_BASELINE,042-S07-016,S07,1490,BASELINE,2026-01-24,50.0,50.0,N,3
EX_042-S07-016_WEEK2,042-S07-016,S07,1491,WEEK2,2026-02-10,50.0,50.0,N,3
EX_042-S07-016_WEEK4,042-S07-016,S07,1492,WEEK4,2026-02-24,50.0,50.0,N,3
EX_042-S07-016_WEEK6,042-S07-016,S07,1493,WEEK6,2026-03-10,50.0,50.0,N,3
EX_042-S07-016_WEEK8,042-S07-016,S07,1494,WEEK8,2026-03-24,50.0,50.0,N,3
EX_042-S07-016_WEEK10,042-S07-016,S07,1495,WEEK10,2026-04-10,50.0,50.0,N,4
EX_042-S07-016_WEEK12,042-S07-016,S07,1496,WEEK12,2026-04-24,50.0,50.0,N,4
EX_042-S08-016_SCREENING,042-S08-016,S08,1497,SCREENING,2026-01-10,50.0,50.0,N,3
EX_042-S08-016_BASELINE,042-S08-016,S08,1498,BASELINE,2026-01-24,50.0,50.0,N,3
EX_042-S08-016_WEEK2,042-S08-016,S08,1499,WEEK2,2026-02-10,50.0,50.0,N,3
EX_042-S08-016_WEEK4,042-S08-016,S08,1500,WEEK4,2026-02-24,50.0,50.0,N,3
EX_042-S08-016_WEEK6,042-S08-016,S08,1501,WEEK6,2026-03-10,50.0,50.0,N,3
EX_042-S08-016_WEEK8,042-S08-016,S08,1502,WEEK8,2026-03-24,50.0,50.0,N,3
EX_042-S08-016_WEEK10,042-S08-016,S08,1503,WEEK10,2026-04-10,50.0,50.0,N,4
EX_042-S08-016_WEEK12,042-S08-016,S08,1504,WEEK12,2026-04-24,50.0,50.0,N,4
EX_042-S09-016_SCREENING,042-S09-016,S09,1505,SCREENING,2026-01-10,50.0,50.0,N,3
EX_042-S09-016_BASELINE,042-S09-016,S09,1506,BASELINE,2026-01-24,50.0,50.0,N,3
EX_042-S09-016_WEEK2,042-S09-016,S09,1507,WEEK2,2026-02-10,50.0,50.0,N,3
EX_042-S09-016_WEEK4,042-S09-016,S09,1508,WEEK4,2026-02-24,50.0,50.0,N,3
EX_042-S09-016_WEEK6,042-S09-016,S09,1509,WEEK6,2026-03-10,50.0,50.0,N,3
EX_042-S09-016_WEEK8,042-S09-016,S09,1510,WEEK8,2026-03-24,50.0,50.0,N,3
EX_042-S09-016_WEEK10,042-S09-016,S09,1511,WEEK10,2026-04-10,50.0,50.0,N,4
EX_042-S09-016_WEEK12,042-S09-016,S09,1512,WEEK12,2026-04-24,50.0,50.0,N,4
EX_042-S10-016_SCREENING,042-S10-016,S10,1513,SCREENING,2026-01-10,50.0,50.0,N,3
EX_042-S10-016_BASELINE,042-S10-016,S10,1514,BASELINE,2026-01-24,50.0,50.0,N,3
EX_042-S10-016_WEEK2,042-S10-016,S10,1515,WEEK2,2026-02-10,50.0,50.0,N,3
EX_042-S10-016_WEEK4,042-S10-016,S10,1516,WEEK4,2026-02-24,50.0,50.0,N,3
EX_042-S10-016_WEEK6,042-S10-016,S10,1517,WEEK6,2026-03-10,50.0,50.0,N,3
EX_042-S10-016_WEEK8,042-S10-016,S10,1518,WEEK8,2026-03-24,50.0,50.0,N,3
EX_042-S10-016_WEEK10,042-S10-016,S10,1519,WEEK10,2026-04-10,50.0,50.0,N,4
EX_042-S10-016_WEEK12,042-S10-016,S10,1520,WEEK12,2026-04-24,50.0,50.0,N,4
EX_042-S11-016_SCREENING,042-S11-016,S11,1521,SCREENING,2026-01-10,50.0,50.0,N,3
EX_042-S11-016_BASELINE,042-S11-016,S11,1522,BASELINE,2026-01-24,50.0,50.0,N,3
EX_042-S11-016_WEEK2,042-S11-016,S11,1523,WEEK2,2026-02-10,50.0,50.0,N,3
EX_042-S11-016_WEEK4,042-S11-016,S11,1524,WEEK4,2026-02-24,50.0,50.0,N,3
EX_042-S11-016_WEEK6,042-S11-016,S11,1525,WEEK6,2026-03-10,50.0,50.0,N,3
EX_042-S11-016_WEEK8,042-S11-016,S11,1526,WEEK8,2026-03-24,50.0,50.0,N,3
EX_042-S11-016_WEEK10,042-S11-016,S11,1527,WEEK10,2026-04-10,50.0,50.0,N,4
EX_042-S11-016_WEEK12,042-S11-016,S11,1528,WEEK12,2026-04-24,50.0,50.0,N,4
EX_042-S12-016_SCREENING,042-S12-016,S12,1529,SCREENING,2026-01-10,50.0,50.0,N,3
EX_042-S12-016_BASELINE,042-S12-016,S12,1530,BASELINE,2026-01-24,50.0,50.0,N,3
EX_042-S12-016_WEEK2,042-S12-016,S12,1531,WEEK2,2026-02-10,50.0,50.0,N,3
EX_042-S12-016_WEEK4,042-S12-016,S12,1532,WEEK4,2026-02-24,50.0,50.0,N,3
EX_042-S12-016_WEEK6,042-S12-016,S12,1533,WEEK6,2026-03-10,50.0,50.0,N,3
EX_042-S12-016_WEEK8,042-S12-016,S12,1534,WEEK8,2026-03-24,50.0,50.0,N,3
EX_042-S12-016_WEEK10,042-S12-016,S12,1535,WEEK10,2026-04-10,50.0,50.0,N,4
EX_042-S12-016_WEEK12,042-S12-016,S12,1536,WEEK12,2026-04-24,50.0,50.0,N,4
EX_042-S01-017_SCREENING,042-S01-017,S01,1537,SCREENING,2026-01-10,50.0,50.0,N,3
EX_042-S01-017_BASELINE,042-S01-017,S01,1538,BASELINE,2026-01-24,50.0,50.0,N,3
EX_042-S01-017_WEEK2,042-S01-017,S01,1539,WEEK2,2026-02-10,50.0,50.0,N,3
EX_042-S01-017_WEEK4,042-S01-017,S01,1540,WEEK4,2026-02-24,50.0,50.0,N,3
EX_042-S01-017_WEEK6,042-S01-017,S01,1541,WEEK6,2026-03-10,50.0,50.0,N,3
EX_042-S01-017_WEEK8,042-S01-017,S01,1542,WEEK8,2026-03-24,50.0,50.0,N,3
EX_042-S01-017_WEEK10,042-S01-017,S01,1543,WEEK10,2026-04-10,50.0,50.0,N,4
EX_042-S01-017_WEEK12,042-S01-017,S01,1544,WEEK12,2026-04-24,50.0,50.0,N,4
EX_042-S02-017_SCREENING,042-S02-017,S02,1545,SCREENING,2026-01-10,50.0,50.0,N,3
EX_042-S02-017_BASELINE,042-S02-017,S02,1546,BASELINE,2026-01-24,50.0,50.0,N,3
EX_042-S02-017_WEEK2,042-S02-017,S02,1547,WEEK2,2026-02-10,50.0,50.0,N,3
EX_042-S02-017_WEEK4,042-S02-017,S02,1548,WEEK4,2026-02-24,50.0,50.0,N,3
EX_042-S02-017_WEEK6,042-S02-017,S02,1549,WEEK6,2026-03-10,50.0,50.0,N,3
EX_042-S02-017_WEEK8,042-S02-017,S02,1550,WEEK8,2026-03-24,50.0,50.0,N,3
EX_042-S02-017_WEEK10,042-S02-017,S02,1551,WEEK10,2026-04-10,50.0,50.0,N,4
EX_042-S02-017_WEEK12,042-S02-017,S02,1552,WEEK12,2026-04-24,50.0,50.0,N,4
EX_042-S03-017_SCREENING,042-S03-017,S03,1553,SCREENING,2026-01-10,50.0,50.0,N,3
EX_042-S03-017_BASELINE,042-S03-017,S03,1554,BASELINE,2026-01-24,50.0,50.0,N,3
EX_042-S03-017_WEEK2,042-S03-017,S03,1555,WEEK2,2026-02-10,50.0,50.0,N,3
EX_042-S03-017_WEEK4,042-S03-017,S03,1556,WEEK4,2026-02-24,50.0,50.0,N,3
EX_042-S03-017_WEEK6,042-S03-017,S03,1557,WEEK6,2026-03-10,50.0,50.0,N,3
EX_042-S03-017_WEEK8,042-S03-017,S03,1558,WEEK8,2026-03-24,50.0,50.0,N,3
EX_042-S03-017_WEEK10,042-S03-017,S03,1559,WEEK10,2026-04-10,50.0,50.0,N,4
EX_042-S03-017_WEEK12,042-S03-017,S03,1560,WEEK12,2026-04-24,50.0,50.0,N,4
EX_042-S04-017_SCREENING,042-S04-017,S04,1561,SCREENING,2026-01-10,50.0,50.0,N,3
EX_042-S04-017_BASELINE,042-S04-017,S04,1562,BASELINE,2026-01-24,50.0,50.0,N,3
EX_042-S04-017_WEEK2,042-S04-017,S04,1563,WEEK2,2026-02-10,50.0,50.0,N,3
EX_042-S04-017_WEEK4,042-S04-017,S04,1564,WEEK4,2026-02-24,50.0,50.0,N,3
EX_042-S04-017_WEEK6,042-S04-017,S04,1565,WEEK6,2026-03-10,50.0,50.0,N,3
EX_042-S04-017_WEEK8,042-S04-017,S04,1566,WEEK8,2026-03-24,50.0,50.0,N,3
EX_042-S04-017_WEEK10,042-S04-017,S04,1567,WEEK10,2026-04-10,50.0,50.0,N,4
EX_042-S04-017_WEEK12,042-S04-017,S04,1568,WEEK12,2026-04-24,50.0,50.0,N,4
EX_042-S05-017_SCREENING,042-S05-017,S05,1569,SCREENING,2026-01-10,50.0,50.0,N,3
EX_042-S05-017_BASELINE,042-S05-017,S05,1570,BASELINE,2026-01-24,50.0,50.0,N,3
EX_042-S05-017_WEEK2,042-S05-017,S05,1571,WEEK2,2026-02-10,50.0,50.0,N,3
EX_042-S05-017_WEEK4,042-S05-017,S05,1572,WEEK4,2026-02-24,50.0,50.0,N,3
EX_042-S05-017_WEEK6,042-S05-017,S05,1573,WEEK6,2026-03-10,50.0,50.0,N,3
EX_042-S05-017_WEEK8,042-S05-017,S05,1574,WEEK8,2026-03-24,50.0,50.0,N,3
EX_042-S05-017_WEEK10,042-S05-017,S05,1575,WEEK10,2026-04-10,50.0,50.0,N,4
EX_042-S05-017_WEEK12,042-S05-017,S05,1576,WEEK12,2026-04-24,50.0,50.0,N,4
EX_042-S06-017_SCREENING,042-S06-017,S06,1577,SCREENING,2026-01-10,50.0,50.0,N,3
EX_042-S06-017_BASELINE,042-S06-017,S06,1578,BASELINE,2026-01-24,50.0,50.0,N,3
EX_042-S06-017_WEEK2,042-S06-017,S06,1579,WEEK2,2026-02-10,50.0,50.0,N,3
EX_042-S06-017_WEEK4,042-S06-017,S06,1580,WEEK4,2026-02-24,50.0,50.0,N,3
EX_042-S06-017_WEEK6,042-S06-017,S06,1581,WEEK6,2026-03-10,50.0,50.0,N,3
EX_042-S06-017_WEEK8,042-S06-017,S06,1582,WEEK8,2026-03-24,50.0,50.0,N,3
EX_042-S06-017_WEEK10,042-S06-017,S06,1583,WEEK10,2026-04-10,50.0,50.0,N,4
EX_042-S06-017_WEEK12,042-S06-017,S06,1584,WEEK12,2026-04-24,50.0,50.0,N,4
EX_042-S07-017_SCREENING,042-S07-017,S07,1585,SCREENING,2026-01-10,50.0,50.0,N,3
EX_042-S07-017_BASELINE,042-S07-017,S07,1586,BASELINE,2026-01-24,50.0,50.0,N,3
EX_042-S07-017_WEEK2,042-S07-017,S07,1587,WEEK2,2026-02-10,50.0,50.0,N,3
EX_042-S07-017_WEEK4,042-S07-017,S07,1588,WEEK4,2026-02-24,50.0,50.0,N,3
EX_042-S07-017_WEEK6,042-S07-017,S07,1589,WEEK6,2026-03-10,50.0,50.0,N,3
EX_042-S07-017_WEEK8,042-S07-017,S07,1590,WEEK8,2026-03-24,50.0,50.0,N,3
EX_042-S07-017_WEEK10,042-S07-017,S07,1591,WEEK10,2026-04-10,50.0,50.0,N,4
EX_042-S07-017_WEEK12,042-S07-017,S07,1592,WEEK12,2026-04-24,50.0,50.0,N,4
EX_042-S08-017_SCREENING,042-S08-017,S08,1593,SCREENING,2026-01-10,50.0,50.0,N,3
EX_042-S08-017_BASELINE,042-S08-017,S08,1594,BASELINE,2026-01-24,50.0,50.0,N,3
EX_042-S08-017_WEEK2,042-S08-017,S08,1595,WEEK2,2026-02-10,50.0,50.0,N,3
EX_042-S08-017_WEEK4,042-S08-017,S08,1596,WEEK4,2026-02-24,50.0,50.0,N,3
EX_042-S08-017_WEEK6,042-S08-017,S08,1597,WEEK6,2026-03-10,50.0,50.0,N,3
EX_042-S08-017_WEEK8,042-S08-017,S08,1598,WEEK8,2026-03-24,50.0,50.0,N,3
EX_042-S08-017_WEEK10,042-S08-017,S08,1599,WEEK10,2026-04-10,50.0,50.0,N,4
EX_042-S08-017_WEEK12,042-S08-017,S08,1600,WEEK12,2026-04-24,50.0,50.0,N,4
EX_042-S09-017_SCREENING,042-S09-017,S09,1601,SCREENING,2026-01-10,50.0,50.0,N,3
EX_042-S09-017_BASELINE,042-S09-017,S09,1602,BASELINE,2026-01-24,50.0,50.0,N,3
EX_042-S09-017_WEEK2,042-S09-017,S09,1603,WEEK2,2026-02-10,50.0,50.0,N,3
EX_042-S09-017_WEEK4,042-S09-017,S09,1604,WEEK4,2026-02-24,50.0,50.0,N,3
EX_042-S09-017_WEEK6,042-S09-017,S09,1605,WEEK6,2026-03-10,50.0,50.0,N,3
EX_042-S09-017_WEEK8,042-S09-017,S09,1606,WEEK8,2026-03-24,50.0,50.0,N,3
EX_042-S09-017_WEEK10,042-S09-017,S09,1607,WEEK10,2026-04-10,50.0,50.0,N,4
EX_042-S09-017_WEEK12,042-S09-017,S09,1608,WEEK12,2026-04-24,50.0,50.0,N,4
EX_042-S10-017_SCREENING,042-S10-017,S10,1609,SCREENING,2026-01-10,50.0,50.0,N,3
EX_042-S10-017_BASELINE,042-S10-017,S10,1610,BASELINE,2026-01-24,50.0,50.0,N,3
EX_042-S10-017_WEEK2,042-S10-017,S10,1611,WEEK2,2026-02-10,50.0,50.0,N,3
EX_042-S10-017_WEEK4,042-S10-017,S10,1612,WEEK4,2026-02-24,50.0,50.0,N,3
EX_042-S10-017_WEEK6,042-S10-017,S10,1613,WEEK6,2026-03-10,50.0,50.0,N,3
EX_042-S10-017_WEEK8,042-S10-017,S10,1614,WEEK8,2026-03-24,50.0,50.0,N,3
EX_042-S10-017_WEEK10,042-S10-017,S10,1615,WEEK10,2026-04-10,50.0,50.0,N,4
EX_042-S10-017_WEEK12,042-S10-017,S10,1616,WEEK12,2026-04-24,50.0,50.0,N,4
EX_042-S11-017_SCREENING,042-S11-017,S11,1617,SCREENING,2026-01-10,50.0,50.0,N,3
EX_042-S11-017_BASELINE,042-S11-017,S11,1618,BASELINE,2026-01-24,50.0,50.0,N,3
EX_042-S11-017_WEEK2,042-S11-017,S11,1619,WEEK2,2026-02-10,50.0,50.0,N,3
EX_042-S11-017_WEEK4,042-S11-017,S11,1620,WEEK4,2026-02-24,50.0,50.0,N,3
EX_042-S11-017_WEEK6,042-S11-017,S11,1621,WEEK6,2026-03-10,50.0,50.0,N,3
EX_042-S11-017_WEEK8,042-S11-017,S11,1622,WEEK8,2026-03-24,50.0,50.0,N,3
EX_042-S11-017_WEEK10,042-S11-017,S11,1623,WEEK10,2026-04-10,50.0,50.0,N,4
EX_042-S11-017_WEEK12,042-S11-017,S11,1624,WEEK12,2026-04-24,50.0,50.0,N,4
EX_042-S12-017_SCREENING,042-S12-017,S12,1625,SCREENING,2026-01-10,50.0,50.0,N,3
EX_042-S12-017_BASELINE,042-S12-017,S12,1626,BASELINE,2026-01-24,50.0,50.0,N,3
EX_042-S12-017_WEEK2,042-S12-017,S12,1627,WEEK2,2026-02-10,50.0,50.0,N,3
EX_042-S12-017_WEEK4,042-S12-017,S12,1628,WEEK4,2026-02-24,50.0,50.0,N,3
EX_042-S12-017_WEEK6,042-S12-017,S12,1629,WEEK6,2026-03-10,50.0,50.0,N,3
EX_042-S12-017_WEEK8,042-S12-017,S12,1630,WEEK8,2026-03-24,50.0,50.0,N,3
EX_042-S12-017_WEEK10,042-S12-017,S12,1631,WEEK10,2026-04-10,50.0,50.0,N,4
EX_042-S12-017_WEEK12,042-S12-017,S12,1632,WEEK12,2026-04-24,50.0,50.0,N,4
EX_042-S01-018_SCREENING,042-S01-018,S01,1633,SCREENING,2026-01-10,50.0,50.0,N,3
EX_042-S01-018_BASELINE,042-S01-018,S01,1634,BASELINE,2026-01-24,50.0,50.0,N,3
EX_042-S01-018_WEEK2,042-S01-018,S01,1635,WEEK2,2026-02-10,50.0,50.0,N,3
EX_042-S01-018_WEEK4,042-S01-018,S01,1636,WEEK4,2026-02-24,50.0,50.0,N,3
EX_042-S01-018_WEEK6,042-S01-018,S01,1637,WEEK6,2026-03-10,50.0,50.0,N,3
EX_042-S01-018_WEEK8,042-S01-018,S01,1638,WEEK8,2026-03-24,50.0,50.0,N,3
EX_042-S01-018_WEEK10,042-S01-018,S01,1639,WEEK10,2026-04-10,50.0,50.0,N,4
EX_042-S01-018_WEEK12,042-S01-018,S01,1640,WEEK12,2026-04-24,50.0,50.0,N,4
EX_042-S02-018_SCREENING,042-S02-018,S02,1641,SCREENING,2026-01-10,50.0,50.0,N,3
EX_042-S02-018_BASELINE,042-S02-018,S02,1642,BASELINE,2026-01-24,50.0,50.0,N,3
EX_042-S02-018_WEEK2,042-S02-018,S02,1643,WEEK2,2026-02-10,50.0,50.0,N,3
EX_042-S02-018_WEEK4,042-S02-018,S02,1644,WEEK4,2026-02-24,50.0,50.0,N,3
EX_042-S02-018_WEEK6,042-S02-018,S02,1645,WEEK6,2026-03-10,50.0,50.0,N,3
EX_042-S02-018_WEEK8,042-S02-018,S02,1646,WEEK8,2026-03-24,50.0,50.0,N,3
EX_042-S02-018_WEEK10,042-S02-018,S02,1647,WEEK10,2026-04-10,50.0,50.0,N,4
EX_042-S02-018_WEEK12,042-S02-018,S02,1648,WEEK12,2026-04-24,50.0,50.0,N,4
EX_042-S03-018_SCREENING,042-S03-018,S03,1649,SCREENING,2026-01-10,50.0,50.0,N,3
EX_042-S03-018_BASELINE,042-S03-018,S03,1650,BASELINE,2026-01-24,50.0,50.0,N,3
EX_042-S03-018_WEEK2,042-S03-018,S03,1651,WEEK2,2026-02-10,50.0,50.0,N,3
EX_042-S03-018_WEEK4,042-S03-018,S03,1652,WEEK4,2026-02-24,50.0,50.0,N,3
EX_042-S03-018_WEEK6,042-S03-018,S03,1653,WEEK6,2026-03-10,50.0,50.0,N,3
EX_042-S03-018_WEEK8,042-S03-018,S03,1654,WEEK8,2026-03-24,50.0,50.0,N,3
EX_042-S03-018_WEEK10,042-S03-018,S03,1655,WEEK10,2026-04-10,50.0,50.0,N,4
EX_042-S03-018_WEEK12,042-S03-018,S03,1656,WEEK12,2026-04-24,50.0,50.0,N,4
EX_042-S04-018_SCREENING,042-S04-018,S04,1657,SCREENING,2026-01-10,50.0,50.0,N,3
EX_042-S04-018_BASELINE,042-S04-018,S04,1658,BASELINE,2026-01-24,50.0,50.0,N,3
EX_042-S04-018_WEEK2,042-S04-018,S04,1659,WEEK2,2026-02-10,50.0,50.0,N,3
EX_042-S04-018_WEEK4,042-S04-018,S04,1660,WEEK4,2026-02-24,50.0,50.0,N,3
EX_042-S04-018_WEEK6,042-S04-018,S04,1661,WEEK6,2026-03-10,50.0,50.0,N,3
EX_042-S04-018_WEEK8,042-S04-018,S04,1662,WEEK8,2026-03-24,50.0,50.0,N,3
EX_042-S04-018_WEEK10,042-S04-018,S04,1663,WEEK10,2026-04-10,50.0,50.0,N,4
EX_042-S04-018_WEEK12,042-S04-018,S04,1664,WEEK12,2026-04-24,50.0,50.0,N,4
EX_042-S05-018_SCREENING,042-S05-018,S05,1665,SCREENING,2026-01-10,50.0,50.0,N,3
EX_042-S05-018_BASELINE,042-S05-018,S05,1666,BASELINE,2026-01-24,50.0,50.0,N,3
EX_042-S05-018_WEEK2,042-S05-018,S05,1667,WEEK2,2026-02-10,50.0,50.0,N,3
EX_042-S05-018_WEEK4,042-S05-018,S05,1668,WEEK4,2026-02-24,50.0,50.0,N,3
EX_042-S05-018_WEEK6,042-S05-018,S05,1669,WEEK6,2026-03-10,50.0,50.0,N,3
EX_042-S05-018_WEEK8,042-S05-018,S05,1670,WEEK8,2026-03-24,50.0,50.0,N,3
EX_042-S05-018_WEEK10,042-S05-018,S05,1671,WEEK10,2026-04-10,50.0,50.0,N,4
EX_042-S05-018_WEEK12,042-S05-018,S05,1672,WEEK12,2026-04-24,50.0,50.0,N,4
EX_042-S06-018_SCREENING,042-S06-018,S06,1673,SCREENING,2026-01-10,50.0,50.0,N,3
EX_042-S06-018_BASELINE,042-S06-018,S06,1674,BASELINE,2026-01-24,50.0,50.0,N,3
EX_042-S06-018_WEEK2,042-S06-018,S06,1675,WEEK2,2026-02-10,50.0,50.0,N,3
EX_042-S06-018_WEEK4,042-S06-018,S06,1676,WEEK4,2026-02-24,50.0,50.0,N,3
EX_042-S06-018_WEEK6,042-S06-018,S06,1677,WEEK6,2026-03-10,50.0,50.0,N,3
EX_042-S06-018_WEEK8,042-S06-018,S06,1678,WEEK8,2026-03-24,50.0,50.0,N,3
EX_042-S06-018_WEEK10,042-S06-018,S06,1679,WEEK10,2026-04-10,50.0,50.0,N,4
EX_042-S06-018_WEEK12,042-S06-018,S06,1680,WEEK12,2026-04-24,50.0,50.0,N,4
EX_042-S07-018_SCREENING,042-S07-018,S07,1681,SCREENING,2026-01-10,50.0,50.0,N,3
EX_042-S07-018_BASELINE,042-S07-018,S07,1682,BASELINE,2026-01-24,50.0,50.0,N,3
EX_042-S07-018_WEEK2,042-S07-018,S07,1683,WEEK2,2026-02-10,50.0,50.0,N,3
EX_042-S07-018_WEEK4,042-S07-018,S07,1684,WEEK4,2026-02-24,50.0,50.0,N,3
EX_042-S07-018_WEEK6,042-S07-018,S07,1685,WEEK6,2026-03-10,50.0,50.0,N,3
EX_042-S07-018_WEEK8,042-S07-018,S07,1686,WEEK8,2026-03-24,50.0,50.0,N,3
EX_042-S07-018_WEEK10,042-S07-018,S07,1687,WEEK10,2026-04-10,50.0,50.0,N,4
EX_042-S07-018_WEEK12,042-S07-018,S07,1688,WEEK12,2026-04-24,50.0,50.0,N,4
EX_042-S08-018_SCREENING,042-S08-018,S08,1689,SCREENING,2026-01-10,50.0,50.0,N,3
EX_042-S08-018_BASELINE,042-S08-018,S08,1690,BASELINE,2026-01-24,50.0,50.0,N,3
EX_042-S08-018_WEEK2,042-S08-018,S08,1691,WEEK2,2026-02-10,50.0,50.0,N,3
EX_042-S08-018_WEEK4,042-S08-018,S08,1692,WEEK4,2026-02-24,50.0,50.0,N,3
EX_042-S08-018_WEEK6,042-S08-018,S08,1693,WEEK6,2026-03-10,50.0,50.0,N,3
EX_042-S08-018_WEEK8,042-S08-018,S08,1694,WEEK8,2026-03-24,50.0,50.0,N,3
EX_042-S08-018_WEEK10,042-S08-018,S08,1695,WEEK10,2026-04-10,50.0,50.0,N,4
EX_042-S08-018_WEEK12,042-S08-018,S08,1696,WEEK12,2026-04-24,50.0,50.0,N,4
EX_042-S09-018_SCREENING,042-S09-018,S09,1697,SCREENING,2026-01-10,50.0,50.0,N,3
EX_042-S09-018_BASELINE,042-S09-018,S09,1698,BASELINE,2026-01-24,50.0,50.0,N,3
EX_042-S09-018_WEEK2,042-S09-018,S09,1699,WEEK2,2026-02-10,50.0,50.0,N,3
EX_042-S09-018_WEEK4,042-S09-018,S09,1700,WEEK4,2026-02-24,50.0,50.0,N,3
EX_042-S09-018_WEEK6,042-S09-018,S09,1701,WEEK6,2026-03-10,50.0,50.0,N,3
EX_042-S09-018_WEEK8,042-S09-018,S09,1702,WEEK8,2026-03-24,50.0,50.0,N,3
EX_042-S09-018_WEEK10,042-S09-018,S09,1703,WEEK10,2026-04-10,50.0,50.0,N,4
EX_042-S09-018_WEEK12,042-S09-018,S09,1704,WEEK12,2026-04-24,50.0,50.0,N,4
EX_042-S10-018_SCREENING,042-S10-018,S10,1705,SCREENING,2026-01-10,50.0,50.0,N,3
EX_042-S10-018_BASELINE,042-S10-018,S10,1706,BASELINE,2026-01-24,50.0,50.0,N,3
EX_042-S10-018_WEEK2,042-S10-018,S10,1707,WEEK2,2026-02-10,50.0,50.0,N,3
EX_042-S10-018_WEEK4,042-S10-018,S10,1708,WEEK4,2026-02-24,50.0,50.0,N,3
EX_042-S10-018_WEEK6,042-S10-018,S10,1709,WEEK6,2026-03-10,50.0,50.0,N,3
EX_042-S10-018_WEEK8,042-S10-018,S10,1710,WEEK8,2026-03-24,50.0,50.0,N,3
EX_042-S10-018_WEEK10,042-S10-018,S10,1711,WEEK10,2026-04-10,50.0,50.0,N,4
EX_042-S10-018_WEEK12,042-S10-018,S10,1712,WEEK12,2026-04-24,50.0,50.0,N,4
EX_042-S11-018_SCREENING,042-S11-018,S11,1713,SCREENING,2026-01-10,50.0,50.0,N,3
EX_042-S11-018_BASELINE,042-S11-018,S11,1714,BASELINE,2026-01-24,50.0,50.0,N,3
EX_042-S11-018_WEEK2,042-S11-018,S11,1715,WEEK2,2026-02-10,50.0,50.0,N,3
EX_042-S11-018_WEEK4,042-S11-018,S11,1716,WEEK4,2026-02-24,50.0,50.0,N,3
EX_042-S11-018_WEEK6,042-S11-018,S11,1717,WEEK6,2026-03-10,50.0,50.0,N,3
EX_042-S11-018_WEEK8,042-S11-018,S11,1718,WEEK8,2026-03-24,50.0,50.0,N,3
EX_042-S11-018_WEEK10,042-S11-018,S11,1719,WEEK10,2026-04-10,50.0,50.0,N,4
EX_042-S11-018_WEEK12,042-S11-018,S11,1720,WEEK12,2026-04-24,50.0,50.0,N,4
EX_042-S12-018_SCREENING,042-S12-018,S12,1721,SCREENING,2026-01-10,50.0,50.0,N,3
EX_042-S12-018_BASELINE,042-S12-018,S12,1722,BASELINE,2026-01-24,50.0,50.0,N,3
EX_042-S12-018_WEEK2,042-S12-018,S12,1723,WEEK2,2026-02-10,50.0,50.0,N,3
EX_042-S12-018_WEEK4,042-S12-018,S12,1724,WEEK4,2026-02-24,50.0,50.0,N,3
EX_042-S12-018_WEEK6,042-S12-018,S12,1725,WEEK6,2026-03-10,50.0,50.0,N,3
EX_042-S12-018_WEEK8,042-S12-018,S12,1726,WEEK8,2026-03-24,50.0,50.0,N,3
EX_042-S12-018_WEEK10,042-S12-018,S12,1727,WEEK10,2026-04-10,50.0,50.0,N,4
EX_042-S12-018_WEEK12,042-S12-018,S12,1728,WEEK12,2026-04-24,50.0,50.0,N,4
EX_042-S01-019_SCREENING,042-S01-019,S01,1729,SCREENING,2026-01-10,50.0,50.0,N,3
EX_042-S01-019_BASELINE,042-S01-019,S01,1730,BASELINE,2026-01-24,50.0,50.0,N,3
EX_042-S01-019_WEEK2,042-S01-019,S01,1731,WEEK2,2026-02-10,50.0,50.0,N,3
EX_042-S01-019_WEEK4,042-S01-019,S01,1732,WEEK4,2026-02-24,50.0,50.0,N,3
EX_042-S01-019_WEEK6,042-S01-019,S01,1733,WEEK6,2026-03-10,50.0,50.0,N,3
EX_042-S01-019_WEEK8,042-S01-019,S01,1734,WEEK8,2026-03-24,50.0,50.0,N,3
EX_042-S01-019_WEEK10,042-S01-019,S01,1735,WEEK10,2026-04-10,50.0,50.0,N,4
EX_042-S01-019_WEEK12,042-S01-019,S01,1736,WEEK12,2026-04-24,50.0,50.0,N,4
EX_042-S02-019_SCREENING,042-S02-019,S02,1737,SCREENING,2026-01-10,50.0,50.0,N,3
EX_042-S02-019_BASELINE,042-S02-019,S02,1738,BASELINE,2026-01-24,50.0,50.0,N,3
EX_042-S02-019_WEEK2,042-S02-019,S02,1739,WEEK2,2026-02-10,50.0,50.0,N,3
EX_042-S02-019_WEEK4,042-S02-019,S02,1740,WEEK4,2026-02-24,50.0,50.0,N,3
EX_042-S02-019_WEEK6,042-S02-019,S02,1741,WEEK6,2026-03-10,50.0,50.0,N,3
EX_042-S02-019_WEEK8,042-S02-019,S02,1742,WEEK8,2026-03-24,50.0,50.0,N,3
EX_042-S02-019_WEEK10,042-S02-019,S02,1743,WEEK10,2026-04-10,50.0,50.0,N,4
EX_042-S02-019_WEEK12,042-S02-019,S02,1744,WEEK12,2026-04-24,50.0,50.0,N,4
EX_042-S03-019_SCREENING,042-S03-019,S03,1745,SCREENING,2026-01-10,50.0,50.0,N,3
EX_042-S03-019_BASELINE,042-S03-019,S03,1746,BASELINE,2026-01-24,50.0,50.0,N,3
EX_042-S03-019_WEEK2,042-S03-019,S03,1747,WEEK2,2026-02-10,50.0,50.0,N,3
EX_042-S03-019_WEEK4,042-S03-019,S03,1748,WEEK4,2026-02-24,50.0,50.0,N,3
EX_042-S03-019_WEEK6,042-S03-019,S03,1749,WEEK6,2026-03-10,50.0,50.0,N,3
EX_042-S03-019_WEEK8,042-S03-019,S03,1750,WEEK8,2026-03-24,50.0,50.0,N,3
EX_042-S03-019_WEEK10,042-S03-019,S03,1751,WEEK10,2026-04-10,50.0,50.0,N,4
EX_042-S03-019_WEEK12,042-S03-019,S03,1752,WEEK12,2026-04-24,50.0,50.0,N,4
EX_042-S04-019_SCREENING,042-S04-019,S04,1753,SCREENING,2026-01-10,50.0,50.0,N,3
EX_042-S04-019_BASELINE,042-S04-019,S04,1754,BASELINE,2026-01-24,50.0,50.0,N,3
EX_042-S04-019_WEEK2,042-S04-019,S04,1755,WEEK2,2026-02-10,50.0,50.0,N,3
EX_042-S04-019_WEEK4,042-S04-019,S04,1756,WEEK4,2026-02-24,50.0,50.0,N,3
EX_042-S04-019_WEEK6,042-S04-019,S04,1757,WEEK6,2026-03-10,50.0,50.0,N,3
EX_042-S04-019_WEEK8,042-S04-019,S04,1758,WEEK8,2026-03-24,50.0,50.0,N,3
EX_042-S04-019_WEEK10,042-S04-019,S04,1759,WEEK10,2026-04-10,50.0,50.0,N,4
EX_042-S04-019_WEEK12,042-S04-019,S04,1760,WEEK12,2026-04-24,50.0,50.0,N,4
EX_042-S05-019_SCREENING,042-S05-019,S05,1761,SCREENING,2026-01-10,50.0,50.0,N,4
EX_042-S05-019_BASELINE,042-S05-019,S05,1762,BASELINE,2026-01-24,50.0,50.0,N,4
EX_042-S05-019_WEEK2,042-S05-019,S05,1763,WEEK2,2026-02-10,50.0,50.0,N,4
EX_042-S05-019_WEEK4,042-S05-019,S05,1764,WEEK4,2026-02-24,50.0,50.0,N,4
EX_042-S05-019_WEEK6,042-S05-019,S05,1765,WEEK6,2026-03-10,50.0,50.0,N,4
EX_042-S05-019_WEEK8,042-S05-019,S05,1766,WEEK8,2026-03-24,50.0,50.0,N,4
EX_042-S05-019_WEEK10,042-S05-019,S05,1767,WEEK10,2026-04-10,50.0,50.0,N,4
EX_042-S05-019_WEEK12,042-S05-019,S05,1768,WEEK12,2026-04-24,50.0,50.0,N,4
EX_042-S06-019_SCREENING,042-S06-019,S06,1769,SCREENING,2026-01-10,50.0,50.0,N,4
EX_042-S06-019_BASELINE,042-S06-019,S06,1770,BASELINE,2026-01-24,50.0,50.0,N,4
EX_042-S06-019_WEEK2,042-S06-019,S06,1771,WEEK2,2026-02-10,50.0,50.0,N,4
EX_042-S06-019_WEEK4,042-S06-019,S06,1772,WEEK4,2026-02-24,50.0,50.0,N,4
EX_042-S06-019_WEEK6,042-S06-019,S06,1773,WEEK6,2026-03-10,50.0,50.0,N,4
EX_042-S06-019_WEEK8,042-S06-019,S06,1774,WEEK8,2026-03-24,50.0,50.0,N,4
EX_042-S06-019_WEEK10,042-S06-019,S06,1775,WEEK10,2026-04-10,50.0,50.0,N,4
EX_042-S06-019_WEEK12,042-S06-019,S06,1776,WEEK12,2026-04-24,50.0,50.0,N,4
EX_042-S07-019_SCREENING,042-S07-019,S07,1777,SCREENING,2026-01-10,50.0,50.0,N,4
EX_042-S07-019_BASELINE,042-S07-019,S07,1778,BASELINE,2026-01-24,50.0,50.0,N,4
EX_042-S07-019_WEEK2,042-S07-019,S07,1779,WEEK2,2026-02-10,50.0,50.0,N,4
EX_042-S07-019_WEEK4,042-S07-019,S07,1780,WEEK4,2026-02-24,50.0,50.0,N,4
EX_042-S07-019_WEEK6,042-S07-019,S07,1781,WEEK6,2026-03-10,50.0,50.0,N,4
EX_042-S07-019_WEEK8,042-S07-019,S07,1782,WEEK8,2026-03-24,50.0,50.0,N,4
EX_042-S07-019_WEEK10,042-S07-019,S07,1783,WEEK10,2026-04-10,50.0,50.0,N,4
EX_042-S07-019_WEEK12,042-S07-019,S07,1784,WEEK12,2026-04-24,50.0,50.0,N,4
EX_042-S08-019_SCREENING,042-S08-019,S08,1785,SCREENING,2026-01-10,50.0,50.0,N,4
EX_042-S08-019_BASELINE,042-S08-019,S08,1786,BASELINE,2026-01-24,50.0,50.0,N,4
EX_042-S08-019_WEEK2,042-S08-019,S08,1787,WEEK2,2026-02-10,50.0,50.0,N,4
EX_042-S08-019_WEEK4,042-S08-019,S08,1788,WEEK4,2026-02-24,50.0,50.0,N,4
EX_042-S08-019_WEEK6,042-S08-019,S08,1789,WEEK6,2026-03-10,50.0,50.0,N,4
EX_042-S08-019_WEEK8,042-S08-019,S08,1790,WEEK8,2026-03-24,50.0,50.0,N,4
EX_042-S08-019_WEEK10,042-S08-019,S08,1791,WEEK10,2026-04-10,50.0,50.0,N,4
EX_042-S08-019_WEEK12,042-S08-019,S08,1792,WEEK12,2026-04-24,50.0,50.0,N,4
EX_042-S09-019_SCREENING,042-S09-019,S09,1793,SCREENING,2026-01-10,50.0,50.0,N,4
EX_042-S09-019_BASELINE,042-S09-019,S09,1794,BASELINE,2026-01-24,50.0,50.0,N,4
EX_042-S09-019_WEEK2,042-S09-019,S09,1795,WEEK2,2026-02-10,50.0,50.0,N,4
EX_042-S09-019_WEEK4,042-S09-019,S09,1796,WEEK4,2026-02-24,50.0,50.0,N,4
EX_042-S09-019_WEEK6,042-S09-019,S09,1797,WEEK6,2026-03-10,50.0,50.0,N,4
EX_042-S09-019_WEEK8,042-S09-019,S09,1798,WEEK8,2026-03-24,50.0,50.0,N,4
EX_042-S09-019_WEEK10,042-S09-019,S09,1799,WEEK10,2026-04-10,50.0,50.0,N,4
EX_042-S09-019_WEEK12,042-S09-019,S09,1800,WEEK12,2026-04-24,50.0,50.0,N,4
EX_042-S10-019_SCREENING,042-S10-019,S10,1801,SCREENING,2026-01-10,50.0,50.0,N,4
EX_042-S10-019_BASELINE,042-S10-019,S10,1802,BASELINE,2026-01-24,50.0,50.0,N,4
EX_042-S10-019_WEEK2,042-S10-019,S10,1803,WEEK2,2026-02-10,50.0,50.0,N,4
EX_042-S10-019_WEEK4,042-S10-019,S10,1804,WEEK4,2026-02-24,50.0,50.0,N,4
EX_042-S10-019_WEEK6,042-S10-019,S10,1805,WEEK6,2026-03-10,50.0,50.0,N,4
EX_042-S10-019_WEEK8,042-S10-019,S10,1806,WEEK8,2026-03-24,50.0,50.0,N,4
EX_042-S10-019_WEEK10,042-S10-019,S10,1807,WEEK10,2026-04-10,50.0,50.0,N,4
EX_042-S10-019_WEEK12,042-S10-019,S10,1808,WEEK12,2026-04-24,50.0,50.0,N,4
EX_042-S11-019_SCREENING,042-S11-019,S11,1809,SCREENING,2026-01-10,50.0,50.0,N,4
EX_042-S11-019_BASELINE,042-S11-019,S11,1810,BASELINE,2026-01-24,50.0,50.0,N,4
EX_042-S11-019_WEEK2,042-S11-019,S11,1811,WEEK2,2026-02-10,50.0,50.0,N,4
EX_042-S11-019_WEEK4,042-S11-019,S11,1812,WEEK4,2026-02-24,50.0,50.0,N,4
EX_042-S11-019_WEEK6,042-S11-019,S11,1813,WEEK6,2026-03-10,50.0,50.0,N,4
EX_042-S11-019_WEEK8,042-S11-019,S11,1814,WEEK8,2026-03-24,50.0,50.0,N,4
EX_042-S11-019_WEEK10,042-S11-019,S11,1815,WEEK10,2026-04-10,50.0,50.0,N,4
EX_042-S11-019_WEEK12,042-S11-019,S11,1816,WEEK12,2026-04-24,50.0,50.0,N,4
EX_042-S12-019_SCREENING,042-S12-019,S12,1817,SCREENING,2026-01-10,50.0,50.0,N,4
EX_042-S12-019_BASELINE,042-S12-019,S12,1818,BASELINE,2026-01-24,50.0,50.0,N,4
EX_042-S12-019_WEEK2,042-S12-019,S12,1819,WEEK2,2026-02-10,50.0,50.0,N,4
EX_042-S12-019_WEEK4,042-S12-019,S12,1820,WEEK4,2026-02-24,50.0,50.0,N,4
EX_042-S12-019_WEEK6,042-S12-019,S12,1821,WEEK6,2026-03-10,50.0,50.0,N,4
EX_042-S12-019_WEEK8,042-S12-019,S12,1822,WEEK8,2026-03-24,50.0,50.0,N,4
EX_042-S12-019_WEEK10,042-S12-019,S12,1823,WEEK10,2026-04-10,50.0,50.0,N,4
EX_042-S12-019_WEEK12,042-S12-019,S12,1824,WEEK12,2026-04-24,50.0,50.0,N,4
EX_042-S01-020_SCREENING,042-S01-020,S01,1825,SCREENING,2026-01-10,50.0,50.0,N,4
EX_042-S01-020_BASELINE,042-S01-020,S01,1826,BASELINE,2026-01-24,50.0,50.0,N,4
EX_042-S01-020_WEEK2,042-S01-020,S01,1827,WEEK2,2026-02-10,50.0,50.0,N,4
EX_042-S01-020_WEEK4,042-S01-020,S01,1828,WEEK4,2026-02-24,50.0,50.0,N,4
EX_042-S01-020_WEEK6,042-S01-020,S01,1829,WEEK6,2026-03-10,50.0,50.0,N,4
EX_042-S01-020_WEEK8,042-S01-020,S01,1830,WEEK8,2026-03-24,50.0,50.0,N,4
EX_042-S01-020_WEEK10,042-S01-020,S01,1831,WEEK10,2026-04-10,50.0,50.0,N,4
EX_042-S01-020_WEEK12,042-S01-020,S01,1832,WEEK12,2026-04-24,50.0,50.0,N,4
EX_042-S02-020_SCREENING,042-S02-020,S02,1833,SCREENING,2026-01-10,50.0,50.0,N,4
EX_042-S02-020_BASELINE,042-S02-020,S02,1834,BASELINE,2026-01-24,50.0,50.0,N,4
EX_042-S02-020_WEEK2,042-S02-020,S02,1835,WEEK2,2026-02-10,50.0,50.0,N,4
EX_042-S02-020_WEEK4,042-S02-020,S02,1836,WEEK4,2026-02-24,50.0,50.0,N,4
EX_042-S02-020_WEEK6,042-S02-020,S02,1837,WEEK6,2026-03-10,50.0,50.0,N,4
EX_042-S02-020_WEEK8,042-S02-020,S02,1838,WEEK8,2026-03-24,50.0,50.0,N,4
EX_042-S02-020_WEEK10,042-S02-020,S02,1839,WEEK10,2026-04-10,50.0,50.0,N,4
EX_042-S02-020_WEEK12,042-S02-020,S02,1840,WEEK12,2026-04-24,50.0,50.0,N,4
EX_042-S03-020_SCREENING,042-S03-020,S03,1841,SCREENING,2026-01-10,50.0,50.0,N,4
EX_042-S03-020_BASELINE,042-S03-020,S03,1842,BASELINE,2026-01-24,50.0,50.0,N,4
EX_042-S03-020_WEEK2,042-S03-020,S03,1843,WEEK2,2026-02-10,50.0,50.0,N,4
EX_042-S03-020_WEEK4,042-S03-020,S03,1844,WEEK4,2026-02-24,50.0,50.0,N,4
EX_042-S03-020_WEEK6,042-S03-020,S03,1845,WEEK6,2026-03-10,50.0,50.0,N,4
EX_042-S03-020_WEEK8,042-S03-020,S03,1846,WEEK8,2026-03-24,50.0,50.0,N,4
EX_042-S03-020_WEEK10,042-S03-020,S03,1847,WEEK10,2026-04-10,50.0,50.0,N,4
EX_042-S03-020_WEEK12,042-S03-020,S03,1848,WEEK12,2026-04-24,50.0,50.0,N,4
EX_042-S04-020_SCREENING,042-S04-020,S04,1849,SCREENING,2026-01-10,50.0,50.0,N,4
EX_042-S04-020_BASELINE,042-S04-020,S04,1850,BASELINE,2026-01-24,50.0,50.0,N,4
EX_042-S04-020_WEEK2,042-S04-020,S04,1851,WEEK2,2026-02-10,50.0,50.0,N,4
EX_042-S04-020_WEEK4,042-S04-020,S04,1852,WEEK4,2026-02-24,50.0,50.0,N,4
EX_042-S04-020_WEEK6,042-S04-020,S04,1853,WEEK6,2026-03-10,50.0,50.0,N,4
EX_042-S04-020_WEEK8,042-S04-020,S04,1854,WEEK8,2026-03-24,50.0,50.0,N,4
EX_042-S04-020_WEEK10,042-S04-020,S04,1855,WEEK10,2026-04-10,50.0,50.0,N,4
EX_042-S04-020_WEEK12,042-S04-020,S04,1856,WEEK12,2026-04-24,50.0,50.0,N,4
EX_042-S05-020_SCREENING,042-S05-020,S05,1857,SCREENING,2026-01-10,50.0,50.0,N,4
EX_042-S05-020_BASELINE,042-S05-020,S05,1858,BASELINE,2026-01-24,50.0,50.0,N,4
EX_042-S05-020_WEEK2,042-S05-020,S05,1859,WEEK2,2026-02-10,50.0,50.0,N,4
EX_042-S05-020_WEEK4,042-S05-020,S05,1860,WEEK4,2026-02-24,50.0,50.0,N,4
EX_042-S05-020_WEEK6,042-S05-020,S05,1861,WEEK6,2026-03-10,50.0,50.0,N,4
EX_042-S05-020_WEEK8,042-S05-020,S05,1862,WEEK8,2026-03-24,50.0,50.0,N,4
EX_042-S05-020_WEEK10,042-S05-020,S05,1863,WEEK10,2026-04-10,50.0,50.0,N,4
EX_042-S05-020_WEEK12,042-S05-020,S05,1864,WEEK12,2026-04-24,50.0,50.0,N,4
EX_042-S06-020_SCREENING,042-S06-020,S06,1865,SCREENING,2026-01-10,50.0,50.0,N,4
EX_042-S06-020_BASELINE,042-S06-020,S06,1866,BASELINE,2026-01-24,50.0,50.0,N,4
EX_042-S06-020_WEEK2,042-S06-020,S06,1867,WEEK2,2026-02-10,50.0,50.0,N,4
EX_042-S06-020_WEEK4,042-S06-020,S06,1868,WEEK4,2026-02-24,50.0,50.0,N,4
EX_042-S06-020_WEEK6,042-S06-020,S06,1869,WEEK6,2026-03-10,50.0,50.0,N,4
EX_042-S06-020_WEEK8,042-S06-020,S06,1870,WEEK8,2026-03-24,50.0,50.0,N,4
EX_042-S06-020_WEEK10,042-S06-020,S06,1871,WEEK10,2026-04-10,50.0,50.0,N,4
EX_042-S06-020_WEEK12,042-S06-020,S06,1872,WEEK12,2026-04-24,50.0,50.0,N,4
EX_042-S07-020_SCREENING,042-S07-020,S07,1873,SCREENING,2026-01-10,50.0,50.0,N,4
EX_042-S07-020_BASELINE,042-S07-020,S07,1874,BASELINE,2026-01-24,50.0,50.0,N,4
EX_042-S07-020_WEEK2,042-S07-020,S07,1875,WEEK2,2026-02-10,50.0,50.0,N,4
EX_042-S07-020_WEEK4,042-S07-020,S07,1876,WEEK4,2026-02-24,50.0,50.0,N,4
EX_042-S07-020_WEEK6,042-S07-020,S07,1877,WEEK6,2026-03-10,50.0,50.0,N,4
EX_042-S07-020_WEEK8,042-S07-020,S07,1878,WEEK8,2026-03-24,50.0,50.0,N,4
EX_042-S07-020_WEEK10,042-S07-020,S07,1879,WEEK10,2026-04-10,50.0,50.0,N,4
EX_042-S07-020_WEEK12,042-S07-020,S07,1880,WEEK12,2026-04-24,50.0,50.0,N,4
EX_042-S08-020_SCREENING,042-S08-020,S08,1881,SCREENING,2026-01-10,50.0,50.0,N,4
EX_042-S08-020_BASELINE,042-S08-020,S08,1882,BASELINE,2026-01-24,50.0,50.0,N,4
EX_042-S08-020_WEEK2,042-S08-020,S08,1883,WEEK2,2026-02-10,50.0,50.0,N,4
EX_042-S08-020_WEEK4,042-S08-020,S08,1884,WEEK4,2026-02-24,50.0,50.0,N,4
EX_042-S08-020_WEEK6,042-S08-020,S08,1885,WEEK6,2026-03-10,50.0,50.0,N,4
EX_042-S08-020_WEEK8,042-S08-020,S08,1886,WEEK8,2026-03-24,50.0,50.0,N,4
EX_042-S08-020_WEEK10,042-S08-020,S08,1887,WEEK10,2026-04-10,50.0,50.0,N,4
EX_042-S08-020_WEEK12,042-S08-020,S08,1888,WEEK12,2026-04-24,50.0,50.0,N,4
EX_042-S09-020_SCREENING,042-S09-020,S09,1889,SCREENING,2026-01-10,50.0,50.0,N,4
EX_042-S09-020_BASELINE,042-S09-020,S09,1890,BASELINE,2026-01-24,50.0,50.0,N,4
EX_042-S09-020_WEEK2,042-S09-020,S09,1891,WEEK2,2026-02-10,50.0,50.0,N,4
EX_042-S09-020_WEEK4,042-S09-020,S09,1892,WEEK4,2026-02-24,50.0,50.0,N,4
EX_042-S09-020_WEEK6,042-S09-020,S09,1893,WEEK6,2026-03-10,50.0,50.0,N,4
EX_042-S09-020_WEEK8,042-S09-020,S09,1894,WEEK8,2026-03-24,50.0,50.0,N,4
EX_042-S09-020_WEEK10,042-S09-020,S09,1895,WEEK10,2026-04-10,50.0,50.0,N,4
EX_042-S09-020_WEEK12,042-S09-020,S09,1896,WEEK12,2026-04-24,50.0,50.0,N,4
EX_042-S10-020_SCREENING,042-S10-020,S10,1897,SCREENING,2026-01-10,50.0,50.0,N,4
EX_042-S10-020_BASELINE,042-S10-020,S10,1898,BASELINE,2026-01-24,50.0,50.0,N,4
EX_042-S10-020_WEEK2,042-S10-020,S10,1899,WEEK2,2026-02-10,50.0,50.0,N,4
EX_042-S10-020_WEEK4,042-S10-020,S10,1900,WEEK4,2026-02-24,50.0,50.0,N,4
EX_042-S10-020_WEEK6,042-S10-020,S10,1901,WEEK6,2026-03-10,50.0,50.0,N,4
EX_042-S10-020_WEEK8,042-S10-020,S10,1902,WEEK8,2026-03-24,50.0,50.0,N,4
EX_042-S10-020_WEEK10,042-S10-020,S10,1903,WEEK10,2026-04-10,50.0,50.0,N,4
EX_042-S10-020_WEEK12,042-S10-020,S10,1904,WEEK12,2026-04-24,50.0,50.0,N,4
EX_042-S11-020_SCREENING,042-S11-020,S11,1905,SCREENING,2026-01-10,50.0,50.0,N,4
EX_042-S11-020_BASELINE,042-S11-020,S11,1906,BASELINE,2026-01-24,50.0,50.0,N,4
EX_042-S11-020_WEEK2,042-S11-020,S11,1907,WEEK2,2026-02-10,50.0,50.0,N,4
EX_042-S11-020_WEEK4,042-S11-020,S11,1908,WEEK4,2026-02-24,50.0,50.0,N,4
EX_042-S11-020_WEEK6,042-S11-020,S11,1909,WEEK6,2026-03-10,50.0,50.0,N,4
EX_042-S11-020_WEEK8,042-S11-020,S11,1910,WEEK8,2026-03-24,50.0,50.0,N,4
EX_042-S11-020_WEEK10,042-S11-020,S11,1911,WEEK10,2026-04-10,50.0,50.0,N,4
EX_042-S11-020_WEEK12,042-S11-020,S11,1912,WEEK12,2026-04-24,50.0,50.0,N,4
EX_042-S12-020_SCREENING,042-S12-020,S12,1913,SCREENING,2026-01-10,50.0,50.0,N,4
EX_042-S12-020_BASELINE,042-S12-020,S12,1914,BASELINE,2026-01-24,50.0,50.0,N,4
EX_042-S12-020_WEEK2,042-S12-020,S12,1915,WEEK2,2026-02-10,50.0,50.0,N,4
EX_042-S12-020_WEEK4,042-S12-020,S12,1916,WEEK4,2026-02-24,50.0,50.0,N,4
EX_042-S12-020_WEEK6,042-S12-020,S12,1917,WEEK6,2026-03-10,50.0,50.0,N,4
EX_042-S12-020_WEEK8,042-S12-020,S12,1918,WEEK8,2026-03-24,50.0,50.0,N,4
EX_042-S12-020_WEEK10,042-S12-020,S12,1919,WEEK10,2026-04-10,50.0,50.0,N,4
EX_042-S12-020_WEEK12,042-S12-020,S12,1920,WEEK12,2026-04-24,50.0,50.0,N,4
EX_042-S01-021_SCREENING,042-S01-021,S01,1921,SCREENING,2026-01-10,50.0,50.0,N,4
EX_042-S01-021_BASELINE,042-S01-021,S01,1922,BASELINE,2026-01-24,50.0,50.0,N,4
EX_042-S01-021_WEEK2,042-S01-021,S01,1923,WEEK2,2026-02-10,50.0,50.0,N,4
EX_042-S01-021_WEEK4,042-S01-021,S01,1924,WEEK4,2026-02-24,50.0,50.0,N,4
EX_042-S01-021_WEEK6,042-S01-021,S01,1925,WEEK6,2026-03-10,50.0,50.0,N,4
EX_042-S01-021_WEEK8,042-S01-021,S01,1926,WEEK8,2026-03-24,50.0,50.0,N,4
EX_042-S01-021_WEEK10,042-S01-021,S01,1927,WEEK10,2026-04-10,50.0,50.0,N,4
EX_042-S01-021_WEEK12,042-S01-021,S01,1928,WEEK12,2026-04-24,50.0,50.0,N,4
